-- phpMyAdmin SQL Dump
-- version 3.4.5
-- http://www.phpmyadmin.net
--
-- Host: localhost
-- Generation Time: Apr 03, 2012 at 10:20 PM
-- Server version: 5.5.16
-- PHP Version: 5.3.8

SET SQL_MODE="NO_AUTO_VALUE_ON_ZERO";
SET time_zone = "+00:00";


/*!40101 SET @OLD_CHARACTER_SET_CLIENT=@@CHARACTER_SET_CLIENT */;
/*!40101 SET @OLD_CHARACTER_SET_RESULTS=@@CHARACTER_SET_RESULTS */;
/*!40101 SET @OLD_COLLATION_CONNECTION=@@COLLATION_CONNECTION */;
/*!40101 SET NAMES utf8 */;

--
-- Database: `projection`
--

-- --------------------------------------------------------

--
-- Table structure for table `allsites`
--

CREATE TABLE IF NOT EXISTS `allsites` (
  `id` int(10) unsigned NOT NULL AUTO_INCREMENT,
  `siteId` int(10) unsigned NOT NULL,
  `name` varchar(100) CHARACTER SET utf8 COLLATE utf8_unicode_ci NOT NULL,
  `city` varchar(50) CHARACTER SET utf8 COLLATE utf8_unicode_ci NOT NULL,
  `state` varchar(10) CHARACTER SET utf8 COLLATE utf8_unicode_ci NOT NULL,
  `zip` varchar(15) CHARACTER SET utf8 COLLATE utf8_unicode_ci NOT NULL,
  `goLiveDate` varchar(20) CHARACTER SET utf8 COLLATE utf8_unicode_ci NOT NULL,
  `legacySystem` varchar(50) CHARACTER SET utf8 COLLATE utf8_unicode_ci NOT NULL,
  `specialist` varchar(50) CHARACTER SET utf8 COLLATE utf8_unicode_ci NOT NULL,
  PRIMARY KEY (`id`)
) ENGINE=InnoDB  DEFAULT CHARSET=latin1 AUTO_INCREMENT=2003 ;

--
-- Dumping data for table `allsites`
--

INSERT INTO `allsites` (`id`, `siteId`, `name`, `city`, `state`, `zip`, `goLiveDate`, `legacySystem`, `specialist`) VALUES
(2, 10, 'Carrollton OB/Gyn', 'Carrollton', 'GA', '', '08/01/01', 'ProMed', 'Nancy Powell'),
(3, 13, 'MSO Internal Medicine Assoc', '', '', '', '', 'Medical Manager', ''),
(4, 14, 'West GA Urology', 'Carrollton', 'GA', '', '08/01/01', 'Medisoft', 'Nancy Powell'),
(5, 15, 'OB/Gyn Assoc of Albany', 'Albany', 'GA', '', '02/03/03', 'PCN', 'Nancy Powell'),
(6, 16, 'West GA OB/Gyn', 'Carrollton', 'GA', '', '09/04/01', 'CompuData', 'Nancy Powell'),
(7, 17, 'AMAC', '', '', '', 'n/a', 'none', ''),
(8, 18, 'Medical College of Georgia', 'Augusta', 'GA', '', 'n/a', 'none', 'Nancy Powell'),
(9, 19, 'Women''s Group of Meridian, PLLC', 'Meridian', 'MS', '', '09/04/01', 'MegaWest', 'Nancy Powell'),
(10, 20, 'Tanner Gyn', 'Carrollton', 'GA', '', 'n/a', 'none', 'Jayne Ray'),
(11, 21, 'Dothan ENT Assoc, PC', 'Dothan', 'AL', '', '10/01/02', 'CDS - VantageMed', 'Jayne Ray'),
(12, 22, 'Hampshire OB/Gyn Assoc', '', '', '', '02/25/02', 'Med-1 ', 'Jayne Ray'),
(13, 23, 'Treasure Coast OB/Gyn Assoc', '', '', '', '08/05/02', 'Medic-PM', 'Jayne Ray'),
(14, 24, 'Carrollton Surgical Group', 'Carrollton', 'GA', '', '04/29/02', 'IDX', 'Nancy Powell'),
(15, 25, 'Arroyo Medical Group', 'Arroyo', 'CA', '', '08/05/02', 'Medical Manager', 'Nancy Powell'),
(16, 27, 'Kennestone Cardiovascular Consultants, PC', 'Marietta', 'GA', '', '06/17/02', 'Medic-PM', 'Jayne Ray'),
(17, 28, 'Albany Ear, Nose, Throat, Sinus & Allergy ', 'Albany', 'GA', '', '07/22/02', 'Medical Manager', 'Nancy Powell'),
(18, 29, 'New Millenium Obstetrics & Gynecology, LLC', '', '', '', '03/01/02', 'MedWare', 'Nancy Powell'),
(19, 30, 'Surgery South', '', '', '', '07/22/02', 'Medical Manager', 'Jayne Ray'),
(20, 32, 'Medical Arts Surgical Group', '', '', '', '08/26/02', 'Versyss', 'Nancy Powell'),
(21, 34, 'New England Neurology / Dr. D. Childress', '', '', '', '', 'none', 'n/a'),
(22, 35, 'Mississippi Asthma & Allergy Clinic ', 'Jackson', 'MS', '', '02/24/03', 'MENDS', 'Jayne Ray'),
(23, 36, 'Michael Hanks, M.D., PA', '', '', '', '10/28/03', 'CSPI-Dynastore', 'Nancy Powell'),
(24, 37, 'Dothan Medical Assoc ', 'Dothan', 'AL', '', '', 'ProMed', 'Jayne Ray'),
(25, 38, 'Dermatology & Skin Surgery Center, PC', '', '', '', '07/03/02', 'Medical Manager', 'Jayne Ray'),
(26, 39, 'Allergy & Asthma Clinics of GA, P.C. ', '', '', '', '', 'Medical Manager', 'Jayne Ray'),
(27, 40, 'Alabama ENT', 'Birmingham', 'AL', '', '', 'CSC', 'Nancy Powell'),
(28, 41, 'PrimeTime Health Centers', '', '', '', '09/16/02', 'WinMed 2000', 'Jayne Ray'),
(29, 42, 'Cardiovascular Surgical Clinic, PA', 'Jackson', 'MS', '', '', 'Versyss ', 'Nancy Powell'),
(30, 43, 'Freeman Surgical Center', 'Anniston', 'AL', '', '11/11/02', 'ProMed', 'Nancy Powell'),
(31, 44, 'Southeast Women''s Center', '', '', '', '', 'n/a', 'n/a'),
(32, 45, 'Long Beach Internal Medicine', 'Long Beach', 'CA', '', '', 'NueMD', 'Nancy Powell'),
(33, 48, 'Southern Crescent Women''s Healthcare', '', '', '', '', 'Medical Manager', 'Jayne Ray'),
(34, 49, 'Urology Enterprises, PC', '', '', '', '01/27/03', 'BaseMed', 'Jayne Ray'),
(35, 50, 'Oswego County OB/Gyn', 'Oswego', 'NY', '', '12/16/03', 'Versyss ', 'Nancy Powell'),
(36, 51, 'Carolina Women''s Center, PA', '', '', '', '03/31/03', 'Medic-PM', 'Nancy Powell'),
(37, 52, 'The Heart Care Center, Inc.', '', '', '', '03/24/03', 'Practice Plus', 'Jayne Ray'),
(38, 53, 'Crystal Coast Care for Women', '', '', '', '01/13/03', 'none', 'n/a'),
(39, 54, 'Internal Medicine of Meridian', 'Meridian', 'MS', '', '03/06/03', 'Versyss ', 'Nancy Powell'),
(40, 55, 'Premier Care of Women, PC', '', '', '', '03/31/03', 'CompuData', 'Nancy Powell'),
(41, 57, 'Saginaw Colon & Rectal', 'Saginaw', 'MI', '', '01/13/03', 'Millbrook', 'Nancy Powell'),
(42, 58, 'Lee OB/Gyn', '', '', '', '02/24/03', 'ProMed', 'Jayne Ray'),
(43, 60, 'Northern Arizona Cardio Specialists', '', '', '', '02/04/03', 'n/a', 'n/a'),
(44, 61, 'Women''s HealthCare of Dothan', '', '', '', '', 'CDS - VantageMed', 'Jayne Ray'),
(45, 62, 'Parters in Family Medicine', '', '', '', '', 'Entity / Medical Mgr', 'Nancy Powell'),
(46, 63, 'Neurology of Cape Cod', '', '', '', '03/31/03', 'Med-1', 'Jayne Ray'),
(47, 64, 'Women''s Healthcare of Louisville', 'Louisville', 'KY', '', '04/23/03', 'PBSI', 'Nancy Powell'),
(48, 65, 'Central Surgical Assoc', 'Jackson', 'MS', '', '', 'Versyss', 'Nancy Powell'),
(49, 67, 'Indian Trail Family Medicine', '', '', '', '', 'e-Physician', 'Nancy Powell'),
(50, 68, 'Crainsmith Family Medicine', '', '', '', '04/14/03', 'Excel Spreadsheet', 'Nancy Powell'),
(51, 69, 'Greer OB/Gyn', 'Greer', 'SC', '', '04/21/03', 'MedAdvantage', 'Jayne Ray'),
(52, 70, 'East Tennesee OB/Gyn', '', '', '', '', 'Medical Manager', 'Jayne Ray'),
(53, 71, 'Cobb Surgical', 'Marietta', 'GA', '', '03/25/03', 'Wisdom', 'Jayne Ray'),
(54, 72, 'Living Well Family Medicine', '', '', '', '', 'n/a', 'n/a'),
(55, 73, 'Total Medical Care', '', '', '', '', 'Reimbursement Manager', 'Jayne Ray'),
(56, 74, 'Breast Care Specialists', 'Atlanta', 'GA', '', '', 'CompuData', 'Nancy Powell'),
(57, 75, 'Southern Orthopedics', '', '', '', '', 'ProMed', 'Nancy Powell'),
(58, 76, 'Women''s Specialty Ctr  Jackson', 'Jackson', 'MS', '', '', 'Medic-PM', 'Jayne Ray'),
(59, 77, 'Pediatric Clinic  MO', '', 'MO', '', '', 'Medical Manager', 'Jayne Ray'),
(60, 78, 'Advanced Surgical Group', '', '', '', '', 'CompuData', 'Nancy Powell'),
(61, 79, 'Drs Tally & Stroud', '', '', '', '', 'PCN', 'Jayne Ray'),
(62, 80, 'East Tennesee Women''s Specialty Group', 'Knoxville', 'TN', '', '', 'ProMed', 'Nancy Powell'),
(63, 82, 'MaconSurgical Group', 'Macon', 'GA', '', '', 'Medic-PM', 'Jayne Ray'),
(64, 83, 'Cardio Vascular of North Atlanta', 'Atlanta', 'GA', '', '', 'Medic-PM', 'Jayne Ray'),
(65, 84, 'Cardiovascular Assoc, Jackson', 'Jackson', 'MS', '', '', 'Versyss', 'Nancy Powell'),
(66, 85, 'Family Practice Center', 'Knoxville', 'TN', '', '', 'Medic-PM', 'Nancy Powell'),
(67, 86, 'Jeff Davis Family Medicine', '', '', '', '', 'n/a', 'n/a'),
(68, 87, 'Georgia Hand & Microsurgery', '', 'GA', '', '', 'Misys', 'Jayne Ray'),
(69, 88, 'Virginia Orthopaedic Center', '', 'VA', '', '', 'PCN', 'Nancy Powell'),
(70, 89, 'Ob/Gyn Assoc of Dover', 'Dover', 'DE', '', '', 'Versyss', 'Jayne Ray'),
(71, 90, 'Tupelo Medical Group', 'Tupelo', 'MS', '', '', 'PRN', 'Nancy Powell'),
(72, 95, 'Robert C. Brown, M.D.', 'Fair Hope', 'AL', '', '', 'Medic-PM ', 'Nancy Powell'),
(73, 96, 'Women''s Health Ctr of Southern OR', '', 'OR', '', '', 'Versyss', 'Jayne Ray'),
(74, 97, 'Women''s Healthcare of Haverhill', 'Haverhill', 'MA', '', '', 'IDX', 'Jayne Ray'),
(75, 98, 'TriCity Medical Clinic', '', 'UT', '', '', 'Lytec', 'Nancy Powell'),
(76, 99, 'Gwinnett Gynecology Assoc', 'Gwinnett', 'GA', '', '', 'Medic-PM', 'Nancy Powell'),
(77, 100, 'OB/GYN South', '', '', '', '', 'CDS - VantageMed', 'Jayne Ray'),
(78, 101, 'Ear, Nose and Throat, Limited', '', '', '', '', 'Medic-PM', 'Nancy Powell'),
(79, 103, 'Cornerstone Family Practice', '', '', '', '', 'DOCS', 'Jayne Ray'),
(80, 104, 'Women''s Health Specialists', '', '', '', '', 'Medical Manager', 'Jayne Ray'),
(81, 105, 'North Park Ob/Gyn Associated', 'Chattanooga', 'TN', '', '', 'SmartPractice', 'Nancy Powell'),
(82, 108, 'First Physicians Group', 'Pensacola', 'FL', '', '', 'Vision; Misys', 'Nancy Powell'),
(83, 109, 'Emerald Coast Ob/Gyn', 'Panama City', 'FL', '', '', 'Versyss', 'Nancy Powell'),
(84, 110, 'Surgical Clinic Assoc, PA', '', '', '', '', 'Versyss', 'Nancy Powell'),
(85, 111, 'Center for Videoscopic & Laser Surgery', '', '', '', '', 'NueMD', 'Jayne Ray'),
(86, 112, 'Robert Sewell M.D., P.A.', 'Bedford', 'TX', '', '', 'Millbrook', 'Nancy Powell'),
(87, 114, 'Lawn Medical Center, S.C.', '', '', '', '', 'Medic-PM', 'Jayne Ray'),
(88, 115, 'KidLungs Pediatric Pulmonology, PA', '', '', '', '', 'Altapoint', 'Nancy Powell'),
(89, 116, 'LongNeck Family Practice, P.A.', '', '', '', '', 'Medical Manager', 'Jayne Ray'),
(90, 117, 'Omega ObGyn Assoc of S Arlington', 'Arlington', 'TX', '', '', 'PCN', 'Nancy Powell'),
(91, 118, 'Sparks and Favor, P.C.', 'Birmingham', 'AL', '', '', 'CDS - VantageMed', ''),
(92, 119, 'Richard F. Ford, M.D., P.S.C.', '', '', '', '', 'Medical Manager', 'Jayne Ray'),
(93, 120, 'South Shore Women''s Health Care, P.C.', '', '', '', '', 'Medical Manager', 'Jayne Ray'),
(94, 121, 'Women''s Clinc of Jefferson City', 'Jefferson City', 'MO', '', '', 'Quick Recovery', 'Jayne Ray'),
(95, 123, 'Maternal Gynerations', '', '', '', '', 'Medical Manager', 'Nancy Powell'),
(96, 125, 'Obstetrics & Gynecology Consultants', '', '', '', '', 'PCN', 'Jayne Ray'),
(97, 126, 'Women''s Medical Group of Upland', '', '', '', '', 'On Staff 2000', 'Jayne Ray'),
(98, 127, 'Knoxville Internal Medicine', 'Knoxville', 'TN', '', '', 'Medical Manager', 'Nancy Powell'),
(99, 129, 'Medical Assoc of the Shoals', '', '', '', '', 'CDS - VantageMed', 'Jayne Ray'),
(100, 130, 'Mississippi Ear Nose and Throat', '', '', '', '', 'Medtron', 'Nancy Powell'),
(101, 131, 'Hattiesburg GI Assoc', 'Hattiesburg', 'MS', '', '', 'CSC', 'Nancy Powell'),
(102, 132, 'Women''s Clinic of Hattiesburg, P.A.', 'Hattiesburg', 'MS', '', '', 'QRS;  Versyss 3.08', 'Nancy Powell'),
(103, 133, 'Brevard Ear, Nose & Throat Center', '', '', '', '', 'Medical Manager', 'Jayne Ray'),
(104, 134, 'Shelby County Surgical', '', '', '', '', 'Misys-Flexible Package', 'Nancy Powell'),
(105, 135, 'Kids First Pediatric Group, LLC', '', '', '', '', 'Medicat 8.5', ''),
(106, 136, 'Heart and Vascular Care of Alabama', '', '', '', '', 'Excel Spreadsheet', 'Nancy Powell'),
(107, 137, 'East Alabama Urology Assoc', '', '', '', '', 'CDS - VantageMed', 'Jayne Ray'),
(108, 139, 'Florida Orthopaedic Specialists', '', 'FL', '', '', 'Misys Tiger', 'Nancy Powell'),
(109, 141, 'Ob/Gyn of Atlanta', 'Atlanta', 'GA', '', '', 'ProMed', 'Jayne Ray'),
(110, 142, 'Pulmonary Physicians of the N Shore', '', '', '', '', 'Medic-PM', 'Jayne Ray'),
(111, 144, 'Jackson Urological Assoc, P.C.', '', '', '', '', 'Medical Manager', 'Jayne Ray'),
(112, 145, 'Parker, Kline, Dunn, & Horowitz', '', '', '', '', 'Medical Manager', 'Jayne Ray'),
(113, 146, 'Southern Head & Neck Surgery', '', '', '', '', 'CDS - VantageMed', 'Jayne Ray'),
(114, 148, 'Surgical Assoc of the Palm Beaches', '', '', '', '', 'Medical Manager', 'Jayne Ray'),
(115, 149, 'Chattahoochee Healthcare', 'Villa Rica', 'GA', '12', '', 'IDX', 'Nancy Powell'),
(116, 151, 'Ob/Gyn Group of Manchester, P.C.', 'Manchester', 'CT', '', '', 'Medical Manager', 'Nancy Powell'),
(117, 153, 'Urological Assoc of Savannah', 'Savannah', 'GA', '9', '01/17/05', 'Medical Manager', 'Jayne Ray'),
(118, 155, 'Woods, Engel & CainSwope, P.C.', 'Nashville  ', 'TN', '', '', 'Provided by Client', 'Nancy Powell'),
(119, 157, 'Pediatric Orthopaedic Specialists of MS', 'Jackson', 'MS', '', '', 'ProMed', 'Nancy Powell'),
(120, 158, 'Rockbridge Medicine', 'Stone Mountain', 'GA', '', '', 'n/a', 'Nancy Powell'),
(121, 159, 'Daniel C. Bowen, M.D.', 'Cincinnati', 'OH', '', '', 'FoxPro', 'Nancy Powell'),
(122, 160, 'Treasure Coast Dermatology', 'Port St. Lucie', 'FL', '', '', 'MDAdvantage', 'Jayne Ray'),
(123, 162, 'Commonwealth Ear, Nose and Throat', 'Louisville', 'KY', '', '', 'Medic-PM', 'Jayne Ray'),
(124, 164, 'Midwest Digestive Disease Specialists', 'Chicago ', 'IL', '', '', 'Medic-PM', 'Jayne Ray'),
(125, 165, 'Neurosurgical Assoc Medical Group', 'Frensco', 'CA', '', '', 'Medical Manager', 'Jayne Ray'),
(126, 166, 'Charlestown Surgical Assoc', 'Charlestown', 'IN', '', '', 'Medical Manager', 'Jayne Ray'),
(127, 168, 'William Hayden Childs, M.D., P.C.', 'Samson', 'AL', '1', '', 'Excel Spreadsheet', 'Nancy Powell'),
(128, 169, 'Georgia Skin Specialists, P.C.', 'Atlanta', 'GA', '', '', 'Medical Manager', 'Nancy Powell'),
(129, 170, 'Kendrick Family Practice, P.C.', 'Lithonia', 'GA', '', '', 'Misys-Flexible Package', 'Nancy Powell'),
(130, 171, 'Cardiology Assoc of Atlanta, P.C.', 'Atlanta', 'GA', '2', '', 'Medisoft', 'Nancy Powell'),
(131, 173, 'Women''s Physicians of Jacksonville, PA', 'Jacksonville', 'FL', '', '', 'Medic-PM', 'Jayne Ray'),
(132, 175, 'Trinity Medical Assoc', 'Knoxville', 'TN', '', '', 'Medic-PM', 'Nancy Powell'),
(133, 177, 'Chattahoochee Valley Cardiology, P.C.', 'Columbus', 'GA', '2', '', 'N/A', 'Jayne Ray'),
(134, 178, 'Montclair OBGyn', 'Birmingham', 'AL', '', '', 'CDS - VantageMed', 'Nancy Powell'),
(135, 179, 'Keowee Surgical Group', 'Seneca', 'SC', '2', '12/06/04', 'MedWare', 'Jason'),
(136, 180, 'Alliance Ob/Gyn', 'Alpharetta', 'GA', '', '', 'Misys Tiger', 'Nancy Powell'),
(137, 181, 'Burlington ENT', 'Burlington', 'IA', '2', '12/17/07', 'ProData', 'Nancy Powell'),
(138, 182, 'Digestive Diseases Center of Hattiesburg', 'Hattiesburg', 'MS', '', '', 'PrimePractice', 'Nancy Powell'),
(139, 183, 'Boone Urology Center', 'Boone', 'NC', '4', '', 'Homegrown', 'Nancy Powell'),
(140, 184, 'Spartanburg Neurosurgical Institute', 'Spartanburg', 'SC', '', '', 'Compusys', 'Jayne Ray'),
(141, 185, 'Blue Ridge Womens Center', 'Elkin', 'NC', '', '', 'N/A', 'Jayne Ray'),
(142, 186, 'OBGyn Assoc of Shreveport', 'Shreveport', 'LA', '', '', 'PCN', 'Nancy Powell'),
(143, 187, 'Womans Clinic of Mississippi', 'Jackson', 'MS', '9', '01/17/05', 'MegaWest', 'Jason'),
(144, 189, 'Geneva Family Practice Assoc', 'Geneva', 'IL', '3', '', 'Medical Manager', 'Jayne Ray'),
(145, 190, 'Augusta Urology Assoc, LLC', 'Augusta', 'GA', '7', '', 'Compusys', 'Nancy Powell'),
(146, 191, 'Naples Obstetrics & Gynecology, M.D., P.C.', 'Naples', 'FL', '4', '', 'Medic-PM', 'Jayne Ray'),
(147, 192, 'Nashville Orthopaedic Specialists, P.C.', 'Nashville  ', 'TN', '1', '', 'MegaWest', 'Jayne Ray'),
(148, 193, 'Physicians of the North Shore, LTD', 'Skokie', 'IL', '', '', 'Medic-PM', 'Jayne Ray'),
(149, 194, 'Surgical Specialists, PA', 'Whichata', 'KS', '5', '', 'Medical Manager', 'Jayne Ray'),
(150, 196, 'Sekine & Rasner, PA', 'Jacksonville', 'FL', '2', '', 'Medical Manager', 'Jayne Ray'),
(151, 197, 'The Hand Surgery Center, P.A.', 'Greenville', 'SC', '4', '', 'Medical Manager', 'Nancy Powell'),
(152, 198, 'Shelby Ob/Gyn', 'Alabaster', 'AL', '5', '', 'ProMed', 'Jayne Ray'),
(153, 199, 'Southern Obstetrics & Gynecologic Assoc', 'Breese', 'IL', '3', '', 'Versyss', 'Nancy Powell'),
(154, 200, 'Low Country OBGyn', 'Mt Pleasant', 'SC', '10', '01/31/05', 'Compusys', 'Jayne Ray'),
(155, 202, 'West Georgia Gastroenterology Assoc', 'Carrollton', 'GA', '3', '', 'Medical Manager', 'Nancy Powell'),
(156, 204, 'Kansas City Clinical Neurology Assocaites, LTD', 'Kansas City', 'MO', '5', '11/15/05', 'CDS - VantageMed', 'Jason'),
(157, 208, 'Edinburg OBGYN', 'Edinburgh', 'TX', '4', '', 'Medical Manager', 'Nancy Powell'),
(158, 209, 'Northeastern Kentucky Surgeons, P.S.C', '', 'KY', '', '01/10/04', 'Medic-PM', 'Jason'),
(159, 210, 'Rockingham Memorial Hospital', '', 'VA', '35', '', 'Siemens', 'Jayne Ray'),
(160, 211, 'Tennessee Women''s Care, P.C.', 'Nashville', 'TN', '43', '', 'Medic-PM, Tiger, Lytec, Altapointe', 'Nancy Powell'),
(161, 212, 'University Heart Cardiovascular Group', 'Pembroke Pines', 'FL', '9', '01/24/05', 'GE PM', 'Nancy Powell'),
(162, 213, 'Womens Healthcare Center of Houston', 'Houston', 'TX', '6', '01/31/05', 'Data Decisions', 'Jason'),
(163, 215, 'Brookline ENT', 'Brookline', 'MA', '2', '12/13/04', 'Misys Tiger', 'Nancy Powell'),
(164, 216, 'Acadian ENT', 'Lafayette', 'LA', '2', '01/17/05', 'Medic-PM', 'Jayne Ray'),
(165, 217, 'Coastal Carolina Surgical Assoc', 'Wilmington', 'NC', '9', '01/10/04', 'Cactus-MD Win', 'Jayne Ray'),
(166, 218, 'Rutherford OBGyn', 'Rutherford', 'NC', '5', '12/13/04', 'Versyss ', 'Nancy Powell'),
(167, 219, 'Cardiology Assoc of Altoona', 'Altoona', 'PA', '3', '12/13/04', 'Misys-Flexible Package', 'Jason'),
(168, 0, 'name', 'city', 'state', 'zip', 'goLiveDate', 'legacySystem', 'specialist'),
(169, 10, 'Carrollton OB/Gyn', 'Carrollton', 'GA', '', '08/01/01', 'ProMed', 'Nancy Powell'),
(170, 13, 'MSO Internal Medicine Assoc', '', '', '', '', 'Medical Manager', ''),
(171, 14, 'West GA Urology', 'Carrollton', 'GA', '', '08/01/01', 'Medisoft', 'Nancy Powell'),
(172, 15, 'OB/Gyn Assoc of Albany', 'Albany', 'GA', '', '02/03/03', 'PCN', 'Nancy Powell'),
(173, 16, 'West GA OB/Gyn', 'Carrollton', 'GA', '', '09/04/01', 'CompuData', 'Nancy Powell'),
(174, 17, 'AMAC', '', '', '', 'n/a', 'none', ''),
(175, 18, 'Medical College of Georgia', 'Augusta', 'GA', '', 'n/a', 'none', 'Nancy Powell'),
(176, 19, 'Women''s Group of Meridian, PLLC', 'Meridian', 'MS', '', '09/04/01', 'MegaWest', 'Nancy Powell'),
(177, 20, 'Tanner Gyn', 'Carrollton', 'GA', '', 'n/a', 'none', 'Jayne Ray'),
(178, 21, 'Dothan ENT Assoc, PC', 'Dothan', 'AL', '', '10/01/02', 'CDS - VantageMed', 'Jayne Ray'),
(179, 22, 'Hampshire OB/Gyn Assoc', '', '', '', '02/25/02', 'Med-1 ', 'Jayne Ray'),
(180, 23, 'Treasure Coast OB/Gyn Assoc', '', '', '', '08/05/02', 'Medic-PM', 'Jayne Ray'),
(181, 24, 'Carrollton Surgical Group', 'Carrollton', 'GA', '', '04/29/02', 'IDX', 'Nancy Powell'),
(182, 25, 'Arroyo Medical Group', 'Arroyo', 'CA', '', '08/05/02', 'Medical Manager', 'Nancy Powell'),
(183, 27, 'Kennestone Cardiovascular Consultants, PC', 'Marietta', 'GA', '', '06/17/02', 'Medic-PM', 'Jayne Ray'),
(184, 28, 'Albany Ear, Nose, Throat, Sinus & Allergy ', 'Albany', 'GA', '', '07/22/02', 'Medical Manager', 'Nancy Powell'),
(185, 29, 'New Millenium Obstetrics & Gynecology, LLC', '', '', '', '03/01/02', 'MedWare', 'Nancy Powell'),
(186, 30, 'Surgery South', '', '', '', '07/22/02', 'Medical Manager', 'Jayne Ray'),
(187, 32, 'Medical Arts Surgical Group', '', '', '', '08/26/02', 'Versyss', 'Nancy Powell'),
(188, 34, 'New England Neurology / Dr. D. Childress', '', '', '', '', 'none', 'n/a'),
(189, 35, 'Mississippi Asthma & Allergy Clinic ', 'Jackson', 'MS', '', '02/24/03', 'MENDS', 'Jayne Ray'),
(190, 36, 'Michael Hanks, M.D., PA', '', '', '', '10/28/03', 'CSPI-Dynastore', 'Nancy Powell'),
(191, 37, 'Dothan Medical Assoc ', 'Dothan', 'AL', '', '', 'ProMed', 'Jayne Ray'),
(192, 38, 'Dermatology & Skin Surgery Center, PC', '', '', '', '07/03/02', 'Medical Manager', 'Jayne Ray'),
(193, 39, 'Allergy & Asthma Clinics of GA, P.C. ', '', '', '', '', 'Medical Manager', 'Jayne Ray'),
(194, 40, 'Alabama ENT', 'Birmingham', 'AL', '', '', 'CSC', 'Nancy Powell'),
(195, 41, 'PrimeTime Health Centers', '', '', '', '09/16/02', 'WinMed 2000', 'Jayne Ray'),
(196, 42, 'Cardiovascular Surgical Clinic, PA', 'Jackson', 'MS', '', '', 'Versyss ', 'Nancy Powell'),
(197, 43, 'Freeman Surgical Center', 'Anniston', 'AL', '', '11/11/02', 'ProMed', 'Nancy Powell'),
(198, 44, 'Southeast Women''s Center', '', '', '', '', 'n/a', 'n/a'),
(199, 45, 'Long Beach Internal Medicine', 'Long Beach', 'CA', '', '', 'NueMD', 'Nancy Powell'),
(200, 48, 'Southern Crescent Women''s Healthcare', '', '', '', '', 'Medical Manager', 'Jayne Ray'),
(201, 49, 'Urology Enterprises, PC', '', '', '', '01/27/03', 'BaseMed', 'Jayne Ray'),
(202, 50, 'Oswego County OB/Gyn', 'Oswego', 'NY', '', '12/16/03', 'Versyss ', 'Nancy Powell'),
(203, 51, 'Carolina Women''s Center, PA', '', '', '', '03/31/03', 'Medic-PM', 'Nancy Powell'),
(204, 52, 'The Heart Care Center, Inc.', '', '', '', '03/24/03', 'Practice Plus', 'Jayne Ray'),
(205, 53, 'Crystal Coast Care for Women', '', '', '', '01/13/03', 'none', 'n/a'),
(206, 54, 'Internal Medicine of Meridian', 'Meridian', 'MS', '', '03/06/03', 'Versyss ', 'Nancy Powell'),
(207, 55, 'Premier Care of Women, PC', '', '', '', '03/31/03', 'CompuData', 'Nancy Powell'),
(208, 57, 'Saginaw Colon & Rectal', 'Saginaw', 'MI', '', '01/13/03', 'Millbrook', 'Nancy Powell'),
(209, 58, 'Lee OB/Gyn', '', '', '', '02/24/03', 'ProMed', 'Jayne Ray'),
(210, 60, 'Northern Arizona Cardio Specialists', '', '', '', '02/04/03', 'n/a', 'n/a'),
(211, 61, 'Women''s HealthCare of Dothan', '', '', '', '', 'CDS - VantageMed', 'Jayne Ray'),
(212, 62, 'Parters in Family Medicine', '', '', '', '', 'Entity / Medical Mgr', 'Nancy Powell'),
(213, 63, 'Neurology of Cape Cod', '', '', '', '03/31/03', 'Med-1', 'Jayne Ray'),
(214, 64, 'Women''s Healthcare of Louisville', 'Louisville', 'KY', '', '04/23/03', 'PBSI', 'Nancy Powell'),
(215, 65, 'Central Surgical Assoc', 'Jackson', 'MS', '', '', 'Versyss', 'Nancy Powell'),
(216, 67, 'Indian Trail Family Medicine', '', '', '', '', 'e-Physician', 'Nancy Powell'),
(217, 68, 'Crainsmith Family Medicine', '', '', '', '04/14/03', 'Excel Spreadsheet', 'Nancy Powell'),
(218, 69, 'Greer OB/Gyn', 'Greer', 'SC', '', '04/21/03', 'MedAdvantage', 'Jayne Ray'),
(219, 70, 'East Tennesee OB/Gyn', '', '', '', '', 'Medical Manager', 'Jayne Ray'),
(220, 71, 'Cobb Surgical', 'Marietta', 'GA', '', '03/25/03', 'Wisdom', 'Jayne Ray'),
(221, 72, 'Living Well Family Medicine', '', '', '', '', 'n/a', 'n/a'),
(222, 73, 'Total Medical Care', '', '', '', '', 'Reimbursement Manager', 'Jayne Ray'),
(223, 74, 'Breast Care Specialists', 'Atlanta', 'GA', '', '', 'CompuData', 'Nancy Powell'),
(224, 75, 'Southern Orthopedics', '', '', '', '', 'ProMed', 'Nancy Powell'),
(225, 76, 'Women''s Specialty Ctr  Jackson', 'Jackson', 'MS', '', '', 'Medic-PM', 'Jayne Ray'),
(226, 77, 'Pediatric Clinic  MO', '', 'MO', '', '', 'Medical Manager', 'Jayne Ray'),
(227, 78, 'Advanced Surgical Group', '', '', '', '', 'CompuData', 'Nancy Powell'),
(228, 79, 'Drs Tally & Stroud', '', '', '', '', 'PCN', 'Jayne Ray'),
(229, 80, 'East Tennesee Women''s Specialty Group', 'Knoxville', 'TN', '', '', 'ProMed', 'Nancy Powell'),
(230, 82, 'MaconSurgical Group', 'Macon', 'GA', '', '', 'Medic-PM', 'Jayne Ray'),
(231, 83, 'Cardio Vascular of North Atlanta', 'Atlanta', 'GA', '', '', 'Medic-PM', 'Jayne Ray'),
(232, 84, 'Cardiovascular Assoc, Jackson', 'Jackson', 'MS', '', '', 'Versyss', 'Nancy Powell'),
(233, 85, 'Family Practice Center', 'Knoxville', 'TN', '', '', 'Medic-PM', 'Nancy Powell'),
(234, 86, 'Jeff Davis Family Medicine', '', '', '', '', 'n/a', 'n/a'),
(235, 87, 'Georgia Hand & Microsurgery', '', 'GA', '', '', 'Misys', 'Jayne Ray'),
(236, 88, 'Virginia Orthopaedic Center', '', 'VA', '', '', 'PCN', 'Nancy Powell'),
(237, 89, 'Ob/Gyn Assoc of Dover', 'Dover', 'DE', '', '', 'Versyss', 'Jayne Ray'),
(238, 90, 'Tupelo Medical Group', 'Tupelo', 'MS', '', '', 'PRN', 'Nancy Powell'),
(239, 95, 'Robert C. Brown, M.D.', 'Fair Hope', 'AL', '', '', 'Medic-PM ', 'Nancy Powell'),
(240, 96, 'Women''s Health Ctr of Southern OR', '', 'OR', '', '', 'Versyss', 'Jayne Ray'),
(241, 97, 'Women''s Healthcare of Haverhill', 'Haverhill', 'MA', '', '', 'IDX', 'Jayne Ray'),
(242, 98, 'TriCity Medical Clinic', '', 'UT', '', '', 'Lytec', 'Nancy Powell'),
(243, 99, 'Gwinnett Gynecology Assoc', 'Gwinnett', 'GA', '', '', 'Medic-PM', 'Nancy Powell'),
(244, 100, 'OB/GYN South', '', '', '', '', 'CDS - VantageMed', 'Jayne Ray'),
(245, 101, 'Ear, Nose and Throat, Limited', '', '', '', '', 'Medic-PM', 'Nancy Powell'),
(246, 103, 'Cornerstone Family Practice', '', '', '', '', 'DOCS', 'Jayne Ray'),
(247, 104, 'Women''s Health Specialists', '', '', '', '', 'Medical Manager', 'Jayne Ray'),
(248, 105, 'North Park Ob/Gyn Associated', 'Chattanooga', 'TN', '', '', 'SmartPractice', 'Nancy Powell'),
(249, 108, 'First Physicians Group', 'Pensacola', 'FL', '', '', 'Vision; Misys', 'Nancy Powell'),
(250, 109, 'Emerald Coast Ob/Gyn', 'Panama City', 'FL', '', '', 'Versyss', 'Nancy Powell'),
(251, 110, 'Surgical Clinic Assoc, PA', '', '', '', '', 'Versyss', 'Nancy Powell'),
(252, 111, 'Center for Videoscopic & Laser Surgery', '', '', '', '', 'NueMD', 'Jayne Ray'),
(253, 112, 'Robert Sewell M.D., P.A.', 'Bedford', 'TX', '', '', 'Millbrook', 'Nancy Powell'),
(254, 114, 'Lawn Medical Center, S.C.', '', '', '', '', 'Medic-PM', 'Jayne Ray'),
(255, 115, 'KidLungs Pediatric Pulmonology, PA', '', '', '', '', 'Altapoint', 'Nancy Powell'),
(256, 116, 'LongNeck Family Practice, P.A.', '', '', '', '', 'Medical Manager', 'Jayne Ray'),
(257, 117, 'Omega ObGyn Assoc of S Arlington', 'Arlington', 'TX', '', '', 'PCN', 'Nancy Powell'),
(258, 118, 'Sparks and Favor, P.C.', 'Birmingham', 'AL', '', '', 'CDS - VantageMed', ''),
(259, 119, 'Richard F. Ford, M.D., P.S.C.', '', '', '', '', 'Medical Manager', 'Jayne Ray'),
(260, 120, 'South Shore Women''s Health Care, P.C.', '', '', '', '', 'Medical Manager', 'Jayne Ray'),
(261, 121, 'Women''s Clinc of Jefferson City', 'Jefferson City', 'MO', '', '', 'Quick Recovery', 'Jayne Ray'),
(262, 123, 'Maternal Gynerations', '', '', '', '', 'Medical Manager', 'Nancy Powell'),
(263, 125, 'Obstetrics & Gynecology Consultants', '', '', '', '', 'PCN', 'Jayne Ray'),
(264, 126, 'Women''s Medical Group of Upland', '', '', '', '', 'On Staff 2000', 'Jayne Ray'),
(265, 127, 'Knoxville Internal Medicine', 'Knoxville', 'TN', '', '', 'Medical Manager', 'Nancy Powell'),
(266, 129, 'Medical Assoc of the Shoals', '', '', '', '', 'CDS - VantageMed', 'Jayne Ray'),
(267, 130, 'Mississippi Ear Nose and Throat', '', '', '', '', 'Medtron', 'Nancy Powell'),
(268, 131, 'Hattiesburg GI Assoc', 'Hattiesburg', 'MS', '', '', 'CSC', 'Nancy Powell'),
(269, 132, 'Women''s Clinic of Hattiesburg, P.A.', 'Hattiesburg', 'MS', '', '', 'QRS;  Versyss 3.08', 'Nancy Powell'),
(270, 133, 'Brevard Ear, Nose & Throat Center', '', '', '', '', 'Medical Manager', 'Jayne Ray'),
(271, 134, 'Shelby County Surgical', '', '', '', '', 'Misys-Flexible Package', 'Nancy Powell'),
(272, 135, 'Kids First Pediatric Group, LLC', '', '', '', '', 'Medicat 8.5', ''),
(273, 136, 'Heart and Vascular Care of Alabama', '', '', '', '', 'Excel Spreadsheet', 'Nancy Powell'),
(274, 137, 'East Alabama Urology Assoc', '', '', '', '', 'CDS - VantageMed', 'Jayne Ray'),
(275, 139, 'Florida Orthopaedic Specialists', '', 'FL', '', '', 'Misys Tiger', 'Nancy Powell'),
(276, 141, 'Ob/Gyn of Atlanta', 'Atlanta', 'GA', '', '', 'ProMed', 'Jayne Ray'),
(277, 142, 'Pulmonary Physicians of the N Shore', '', '', '', '', 'Medic-PM', 'Jayne Ray'),
(278, 144, 'Jackson Urological Assoc, P.C.', '', '', '', '', 'Medical Manager', 'Jayne Ray'),
(279, 145, 'Parker, Kline, Dunn, & Horowitz', '', '', '', '', 'Medical Manager', 'Jayne Ray'),
(280, 146, 'Southern Head & Neck Surgery', '', '', '', '', 'CDS - VantageMed', 'Jayne Ray'),
(281, 148, 'Surgical Assoc of the Palm Beaches', '', '', '', '', 'Medical Manager', 'Jayne Ray'),
(282, 149, 'Chattahoochee Healthcare', 'Villa Rica', 'GA', '12', '', 'IDX', 'Nancy Powell'),
(283, 151, 'Ob/Gyn Group of Manchester, P.C.', 'Manchester', 'CT', '', '', 'Medical Manager', 'Nancy Powell'),
(284, 153, 'Urological Assoc of Savannah', 'Savannah', 'GA', '9', '01/17/05', 'Medical Manager', 'Jayne Ray'),
(285, 155, 'Woods, Engel & CainSwope, P.C.', 'Nashville  ', 'TN', '', '', 'Provided by Client', 'Nancy Powell'),
(286, 157, 'Pediatric Orthopaedic Specialists of MS', 'Jackson', 'MS', '', '', 'ProMed', 'Nancy Powell'),
(287, 158, 'Rockbridge Medicine', 'Stone Mountain', 'GA', '', '', 'n/a', 'Nancy Powell'),
(288, 159, 'Daniel C. Bowen, M.D.', 'Cincinnati', 'OH', '', '', 'FoxPro', 'Nancy Powell'),
(289, 160, 'Treasure Coast Dermatology', 'Port St. Lucie', 'FL', '', '', 'MDAdvantage', 'Jayne Ray'),
(290, 162, 'Commonwealth Ear, Nose and Throat', 'Louisville', 'KY', '', '', 'Medic-PM', 'Jayne Ray'),
(291, 164, 'Midwest Digestive Disease Specialists', 'Chicago ', 'IL', '', '', 'Medic-PM', 'Jayne Ray'),
(292, 165, 'Neurosurgical Assoc Medical Group', 'Frensco', 'CA', '', '', 'Medical Manager', 'Jayne Ray'),
(293, 166, 'Charlestown Surgical Assoc', 'Charlestown', 'IN', '', '', 'Medical Manager', 'Jayne Ray'),
(294, 168, 'William Hayden Childs, M.D., P.C.', 'Samson', 'AL', '1', '', 'Excel Spreadsheet', 'Nancy Powell'),
(295, 169, 'Georgia Skin Specialists, P.C.', 'Atlanta', 'GA', '', '', 'Medical Manager', 'Nancy Powell'),
(296, 170, 'Kendrick Family Practice, P.C.', 'Lithonia', 'GA', '', '', 'Misys-Flexible Package', 'Nancy Powell'),
(297, 171, 'Cardiology Assoc of Atlanta, P.C.', 'Atlanta', 'GA', '2', '', 'Medisoft', 'Nancy Powell'),
(298, 173, 'Women''s Physicians of Jacksonville, PA', 'Jacksonville', 'FL', '', '', 'Medic-PM', 'Jayne Ray'),
(299, 175, 'Trinity Medical Assoc', 'Knoxville', 'TN', '', '', 'Medic-PM', 'Nancy Powell'),
(300, 177, 'Chattahoochee Valley Cardiology, P.C.', 'Columbus', 'GA', '2', '', 'N/A', 'Jayne Ray'),
(301, 178, 'Montclair OBGyn', 'Birmingham', 'AL', '', '', 'CDS - VantageMed', 'Nancy Powell'),
(302, 179, 'Keowee Surgical Group', 'Seneca', 'SC', '2', '12/06/04', 'MedWare', 'Jason'),
(303, 180, 'Alliance Ob/Gyn', 'Alpharetta', 'GA', '', '', 'Misys Tiger', 'Nancy Powell'),
(304, 181, 'Burlington ENT', 'Burlington', 'IA', '2', '12/17/07', 'ProData', 'Nancy Powell'),
(305, 182, 'Digestive Diseases Center of Hattiesburg', 'Hattiesburg', 'MS', '', '', 'PrimePractice', 'Nancy Powell'),
(306, 183, 'Boone Urology Center', 'Boone', 'NC', '4', '', 'Homegrown', 'Nancy Powell'),
(307, 184, 'Spartanburg Neurosurgical Institute', 'Spartanburg', 'SC', '', '', 'Compusys', 'Jayne Ray'),
(308, 185, 'Blue Ridge Womens Center', 'Elkin', 'NC', '', '', 'N/A', 'Jayne Ray'),
(309, 186, 'OBGyn Assoc of Shreveport', 'Shreveport', 'LA', '', '', 'PCN', 'Nancy Powell'),
(310, 187, 'Womans Clinic of Mississippi', 'Jackson', 'MS', '9', '01/17/05', 'MegaWest', 'Jason'),
(311, 189, 'Geneva Family Practice Assoc', 'Geneva', 'IL', '3', '', 'Medical Manager', 'Jayne Ray'),
(312, 190, 'Augusta Urology Assoc, LLC', 'Augusta', 'GA', '7', '', 'Compusys', 'Nancy Powell'),
(313, 191, 'Naples Obstetrics & Gynecology, M.D., P.C.', 'Naples', 'FL', '4', '', 'Medic-PM', 'Jayne Ray'),
(314, 192, 'Nashville Orthopaedic Specialists, P.C.', 'Nashville  ', 'TN', '1', '', 'MegaWest', 'Jayne Ray'),
(315, 193, 'Physicians of the North Shore, LTD', 'Skokie', 'IL', '', '', 'Medic-PM', 'Jayne Ray'),
(316, 194, 'Surgical Specialists, PA', 'Whichata', 'KS', '5', '', 'Medical Manager', 'Jayne Ray'),
(317, 196, 'Sekine & Rasner, PA', 'Jacksonville', 'FL', '2', '', 'Medical Manager', 'Jayne Ray'),
(318, 197, 'The Hand Surgery Center, P.A.', 'Greenville', 'SC', '4', '', 'Medical Manager', 'Nancy Powell'),
(319, 198, 'Shelby Ob/Gyn', 'Alabaster', 'AL', '5', '', 'ProMed', 'Jayne Ray'),
(320, 199, 'Southern Obstetrics & Gynecologic Assoc', 'Breese', 'IL', '3', '', 'Versyss', 'Nancy Powell'),
(321, 200, 'Low Country OBGyn', 'Mt Pleasant', 'SC', '10', '01/31/05', 'Compusys', 'Jayne Ray'),
(322, 202, 'West Georgia Gastroenterology Assoc', 'Carrollton', 'GA', '3', '', 'Medical Manager', 'Nancy Powell'),
(323, 204, 'Kansas City Clinical Neurology Assocaites, LTD', 'Kansas City', 'MO', '5', '11/15/05', 'CDS - VantageMed', 'Jason'),
(324, 208, 'Edinburg OBGYN', 'Edinburgh', 'TX', '4', '', 'Medical Manager', 'Nancy Powell'),
(325, 209, 'Northeastern Kentucky Surgeons, P.S.C', '', 'KY', '', '01/10/04', 'Medic-PM', 'Jason'),
(326, 210, 'Rockingham Memorial Hospital', '', 'VA', '35', '', 'Siemens', 'Jayne Ray'),
(327, 211, 'Tennessee Women''s Care, P.C.', 'Nashville', 'TN', '43', '', 'Medic-PM, Tiger, Lytec, Altapointe', 'Nancy Powell'),
(328, 212, 'University Heart Cardiovascular Group', 'Pembroke Pines', 'FL', '9', '01/24/05', 'GE PM', 'Nancy Powell'),
(329, 213, 'Womens Healthcare Center of Houston', 'Houston', 'TX', '6', '01/31/05', 'Data Decisions', 'Jason'),
(330, 215, 'Brookline ENT', 'Brookline', 'MA', '2', '12/13/04', 'Misys Tiger', 'Nancy Powell'),
(331, 216, 'Acadian ENT', 'Lafayette', 'LA', '2', '01/17/05', 'Medic-PM', 'Jayne Ray'),
(332, 217, 'Coastal Carolina Surgical Assoc', 'Wilmington', 'NC', '9', '01/10/04', 'Cactus-MD Win', 'Jayne Ray'),
(333, 218, 'Rutherford OBGyn', 'Rutherford', 'NC', '5', '12/13/04', 'Versyss ', 'Nancy Powell'),
(334, 219, 'Cardiology Assoc of Altoona', 'Altoona', 'PA', '3', '12/13/04', 'Misys-Flexible Package', 'Jason'),
(335, 220, 'Advanced Orthopaedics', 'Temecula', 'CA', '3', '01/17/05', 'Physicians on Call POC', 'Jason'),
(336, 221, 'Internal Medicine Assoc', 'Norwich', 'CT', '1', '', 'Lytec', 'Nancy Powell'),
(337, 222, 'Lakeland Surgical Clinic', 'Jackson', 'MS', '6', '01/17/05', 'Versyss', 'Nancy Powell'),
(338, 223, 'Neurosurgical Specialists', 'Norfolk', 'VA', '5', '02/28/05', 'Medic-PM', 'Jason'),
(339, 224, 'ENT and Voice Care', 'Decatur', 'GA', '1', '', 'new practice', 'Jayne Ray'),
(340, 225, 'Coastal Cardiology', 'Pascagoula', 'MS', '1', '12/13/04', 'new practice', 'Jayne Ray'),
(341, 226, 'IMA of Oxford', 'Oxford', 'MS', '', '', 'Medical Manager', 'Nancy Powell'),
(342, 229, 'Robinson OBGyn', 'Covington', 'GA', '2', '', 'InnoMed(Provided by Client)', 'Jayne Ray'),
(343, 230, 'McKinney OBGyn', 'McKinney', 'TX', '', '', 'Millbrook', 'Jayne Ray'),
(344, 231, 'Wilson OBGyn', 'Wilson', 'NC', '4', '', 'Misys-Flexible Package', 'Nancy Powell'),
(345, 232, 'Talladega OBGyn', 'Talladega', 'AL', '3', '', 'Data Decisions', 'Nancy Powell'),
(346, 233, 'Drs Esposite, Mayer, Hogan', 'Columbia', 'MD', '10', '', 'ADS', 'Jayne Ray'),
(347, 235, 'Obstetrical Assoc', 'Fall River', 'MA', '5', '05/02/05', 'MENDS', 'Jason'),
(348, 236, 'Wallendorf ENT', 'Carroll', 'IA', '1', '', 'PMSI', 'Jayne Ray'),
(349, 237, 'ENT Professional Services', 'Davenport', 'IA', '3', '02/21/05', 'Medisoft', 'Jason'),
(350, 238, 'Southwest OBGyn', 'Houston', 'TX', '11', '', 'Meds Partner', 'Jayne Ray'),
(351, 239, 'Beaufort OBGyn', 'Beaufort', 'SC', '4', '03/21/05', 'Compusys', 'Jason'),
(352, 240, 'The Core Institute', 'Sun City West', 'AR', '4', '', 'new practice', 'Nancy Powell'),
(353, 244, 'Ortho Sport Medicine Clinic', 'Birmingham', 'AL', '11', 'cncld', 'NextGen', 'Nancy Powell'),
(354, 245, 'Professional Park Medical Services', 'Carrollton', 'GA', '5', '04/21/05', 'BaseMed', 'Nancy Powell'),
(355, 246, 'Mobile OBGyn', 'Mobile', 'AL', '7', '', 'CDS - VantageMed', 'Nancy Powell'),
(356, 247, 'Andrews Institute', 'Pensacola', 'FL', '2', '', 'new practice', 'Nancy Powell'),
(357, 249, 'Integrated OBGyn', 'Greenwood', 'CO', '4', '', 'Medical Manager', 'Jayne Ray'),
(358, 250, 'Healthcare for Women', 'New Bedford', 'MA', '11', '05/09/05', 'Wisdom', 'Jason'),
(359, 251, 'Womens Wellness OBGyn', '', 'NV', '', '', 'MediSoft', 'Jayne Ray'),
(360, 252, 'Mintview OBGyn', 'Charlotte', 'NC', '7', '', 'Medic-PM', 'Jayne Ray'),
(361, 254, 'Family Medicine Assoc of East AL', 'Opelika', 'AL', '6', '06/20/05', 'Medic-PM', 'Jason'),
(362, 255, 'Erickson OBGyn', 'Reno', 'NV', '7', '05/17/05', 'Medical Manager', 'Nancy Powell'),
(363, 256, 'Southern Pines Womens  Ctr', 'Southern Pines', 'NC', '6', '', 'Wisdom', 'Jason'),
(364, 257, 'Coastal Orthopaedics Orthopaedics & Sports', 'Hinesville', 'GA', '2', '', 'Compusys', 'Jayne Ray'),
(365, 259, 'Comprehensive Women''s Medical Center', 'W Palm Beach', 'FL', '4', '06/14/05', 'Wisdom', 'Nancy Powell'),
(366, 261, 'Creekmore Clinic', 'New Albany', 'MS', '3', '', 'Versyss', 'Jayne Ray'),
(367, 262, 'Athens Neurological Assoc', 'Athens', 'GA', '7', '', 'I-Series', 'Jayne Ray'),
(368, 264, 'Bonnie Osterwald, MD', 'Allentown', 'PA', '2', '', 'Medical Manager', 'Jayne Ray'),
(369, 265, 'The Hodges Group', 'Memphis', 'TN', '3', '', 'Edimys', 'Jayne Ray'),
(370, 266, 'Todd Thompson, MD', 'Honolulu', 'HI', '1', '', 'new practice', 'Nancy Powell'),
(371, 267, 'Albany Gastroenterology', 'Albany', 'GA', '', '', 'Medic-PM', 'Jayne Ray'),
(372, 268, 'Pain Consultants of Atlanta', 'Atlanta', 'GA', '4', '', 'Practice Partner and Medisoft', 'Jayne Ray'),
(373, 269, 'Epstein Internal Medicine', '', 'NJ', '', '', 'Provided by Client', 'Nancy Powell'),
(374, 270, 'Western Surgical Group', 'Reno', 'NV', '', '', 'Medical Manager', 'Jayne Ray'),
(375, 0, 'name', 'city', 'state', 'zip', 'goLiveDate', 'legacySystem', 'specialist'),
(376, 10, 'Carrollton OB/Gyn', 'Carrollton', 'GA', '', '08/01/01', 'ProMed', 'Nancy Powell'),
(377, 13, 'MSO Internal Medicine Assoc', '', '', '', '', 'Medical Manager', ''),
(378, 14, 'West GA Urology', 'Carrollton', 'GA', '', '08/01/01', 'Medisoft', 'Nancy Powell'),
(379, 15, 'OB/Gyn Assoc of Albany', 'Albany', 'GA', '', '02/03/03', 'PCN', 'Nancy Powell'),
(380, 16, 'West GA OB/Gyn', 'Carrollton', 'GA', '', '09/04/01', 'CompuData', 'Nancy Powell'),
(381, 17, 'AMAC', '', '', '', 'n/a', 'none', ''),
(382, 18, 'Medical College of Georgia', 'Augusta', 'GA', '', 'n/a', 'none', 'Nancy Powell'),
(383, 19, 'Women''s Group of Meridian, PLLC', 'Meridian', 'MS', '', '09/04/01', 'MegaWest', 'Nancy Powell'),
(384, 20, 'Tanner Gyn', 'Carrollton', 'GA', '', 'n/a', 'none', 'Jayne Ray'),
(385, 21, 'Dothan ENT Assoc, PC', 'Dothan', 'AL', '', '10/01/02', 'CDS - VantageMed', 'Jayne Ray'),
(386, 22, 'Hampshire OB/Gyn Assoc', '', '', '', '02/25/02', 'Med-1 ', 'Jayne Ray'),
(387, 23, 'Treasure Coast OB/Gyn Assoc', '', '', '', '08/05/02', 'Medic-PM', 'Jayne Ray'),
(388, 24, 'Carrollton Surgical Group', 'Carrollton', 'GA', '', '04/29/02', 'IDX', 'Nancy Powell'),
(389, 25, 'Arroyo Medical Group', 'Arroyo', 'CA', '', '08/05/02', 'Medical Manager', 'Nancy Powell'),
(390, 27, 'Kennestone Cardiovascular Consultants, PC', 'Marietta', 'GA', '', '06/17/02', 'Medic-PM', 'Jayne Ray'),
(391, 28, 'Albany Ear, Nose, Throat, Sinus & Allergy ', 'Albany', 'GA', '', '07/22/02', 'Medical Manager', 'Nancy Powell'),
(392, 29, 'New Millenium Obstetrics & Gynecology, LLC', '', '', '', '03/01/02', 'MedWare', 'Nancy Powell'),
(393, 30, 'Surgery South', '', '', '', '07/22/02', 'Medical Manager', 'Jayne Ray'),
(394, 32, 'Medical Arts Surgical Group', '', '', '', '08/26/02', 'Versyss', 'Nancy Powell'),
(395, 34, 'New England Neurology / Dr. D. Childress', '', '', '', '', 'none', 'n/a'),
(396, 35, 'Mississippi Asthma & Allergy Clinic ', 'Jackson', 'MS', '', '02/24/03', 'MENDS', 'Jayne Ray'),
(397, 36, 'Michael Hanks, M.D., PA', '', '', '', '10/28/03', 'CSPI-Dynastore', 'Nancy Powell'),
(398, 37, 'Dothan Medical Assoc ', 'Dothan', 'AL', '', '', 'ProMed', 'Jayne Ray'),
(399, 38, 'Dermatology & Skin Surgery Center, PC', '', '', '', '07/03/02', 'Medical Manager', 'Jayne Ray'),
(400, 39, 'Allergy & Asthma Clinics of GA, P.C. ', '', '', '', '', 'Medical Manager', 'Jayne Ray'),
(401, 40, 'Alabama ENT', 'Birmingham', 'AL', '', '', 'CSC', 'Nancy Powell'),
(402, 41, 'PrimeTime Health Centers', '', '', '', '09/16/02', 'WinMed 2000', 'Jayne Ray'),
(403, 42, 'Cardiovascular Surgical Clinic, PA', 'Jackson', 'MS', '', '', 'Versyss ', 'Nancy Powell'),
(404, 43, 'Freeman Surgical Center', 'Anniston', 'AL', '', '11/11/02', 'ProMed', 'Nancy Powell'),
(405, 44, 'Southeast Women''s Center', '', '', '', '', 'n/a', 'n/a'),
(406, 45, 'Long Beach Internal Medicine', 'Long Beach', 'CA', '', '', 'NueMD', 'Nancy Powell'),
(407, 48, 'Southern Crescent Women''s Healthcare', '', '', '', '', 'Medical Manager', 'Jayne Ray'),
(408, 49, 'Urology Enterprises, PC', '', '', '', '01/27/03', 'BaseMed', 'Jayne Ray'),
(409, 50, 'Oswego County OB/Gyn', 'Oswego', 'NY', '', '12/16/03', 'Versyss ', 'Nancy Powell'),
(410, 51, 'Carolina Women''s Center, PA', '', '', '', '03/31/03', 'Medic-PM', 'Nancy Powell'),
(411, 52, 'The Heart Care Center, Inc.', '', '', '', '03/24/03', 'Practice Plus', 'Jayne Ray'),
(412, 53, 'Crystal Coast Care for Women', '', '', '', '01/13/03', 'none', 'n/a'),
(413, 54, 'Internal Medicine of Meridian', 'Meridian', 'MS', '', '03/06/03', 'Versyss ', 'Nancy Powell'),
(414, 55, 'Premier Care of Women, PC', '', '', '', '03/31/03', 'CompuData', 'Nancy Powell'),
(415, 57, 'Saginaw Colon & Rectal', 'Saginaw', 'MI', '', '01/13/03', 'Millbrook', 'Nancy Powell'),
(416, 58, 'Lee OB/Gyn', '', '', '', '02/24/03', 'ProMed', 'Jayne Ray'),
(417, 60, 'Northern Arizona Cardio Specialists', '', '', '', '02/04/03', 'n/a', 'n/a'),
(418, 61, 'Women''s HealthCare of Dothan', '', '', '', '', 'CDS - VantageMed', 'Jayne Ray'),
(419, 62, 'Parters in Family Medicine', '', '', '', '', 'Entity / Medical Mgr', 'Nancy Powell'),
(420, 63, 'Neurology of Cape Cod', '', '', '', '03/31/03', 'Med-1', 'Jayne Ray'),
(421, 64, 'Women''s Healthcare of Louisville', 'Louisville', 'KY', '', '04/23/03', 'PBSI', 'Nancy Powell'),
(422, 65, 'Central Surgical Assoc', 'Jackson', 'MS', '', '', 'Versyss', 'Nancy Powell'),
(423, 67, 'Indian Trail Family Medicine', '', '', '', '', 'e-Physician', 'Nancy Powell'),
(424, 68, 'Crainsmith Family Medicine', '', '', '', '04/14/03', 'Excel Spreadsheet', 'Nancy Powell'),
(425, 69, 'Greer OB/Gyn', 'Greer', 'SC', '', '04/21/03', 'MedAdvantage', 'Jayne Ray'),
(426, 70, 'East Tennesee OB/Gyn', '', '', '', '', 'Medical Manager', 'Jayne Ray'),
(427, 71, 'Cobb Surgical', 'Marietta', 'GA', '', '03/25/03', 'Wisdom', 'Jayne Ray'),
(428, 72, 'Living Well Family Medicine', '', '', '', '', 'n/a', 'n/a'),
(429, 73, 'Total Medical Care', '', '', '', '', 'Reimbursement Manager', 'Jayne Ray'),
(430, 74, 'Breast Care Specialists', 'Atlanta', 'GA', '', '', 'CompuData', 'Nancy Powell'),
(431, 75, 'Southern Orthopedics', '', '', '', '', 'ProMed', 'Nancy Powell'),
(432, 76, 'Women''s Specialty Ctr  Jackson', 'Jackson', 'MS', '', '', 'Medic-PM', 'Jayne Ray'),
(433, 77, 'Pediatric Clinic  MO', '', 'MO', '', '', 'Medical Manager', 'Jayne Ray'),
(434, 78, 'Advanced Surgical Group', '', '', '', '', 'CompuData', 'Nancy Powell'),
(435, 79, 'Drs Tally & Stroud', '', '', '', '', 'PCN', 'Jayne Ray'),
(436, 80, 'East Tennesee Women''s Specialty Group', 'Knoxville', 'TN', '', '', 'ProMed', 'Nancy Powell'),
(437, 82, 'MaconSurgical Group', 'Macon', 'GA', '', '', 'Medic-PM', 'Jayne Ray'),
(438, 83, 'Cardio Vascular of North Atlanta', 'Atlanta', 'GA', '', '', 'Medic-PM', 'Jayne Ray'),
(439, 84, 'Cardiovascular Assoc, Jackson', 'Jackson', 'MS', '', '', 'Versyss', 'Nancy Powell'),
(440, 85, 'Family Practice Center', 'Knoxville', 'TN', '', '', 'Medic-PM', 'Nancy Powell'),
(441, 86, 'Jeff Davis Family Medicine', '', '', '', '', 'n/a', 'n/a'),
(442, 87, 'Georgia Hand & Microsurgery', '', 'GA', '', '', 'Misys', 'Jayne Ray'),
(443, 88, 'Virginia Orthopaedic Center', '', 'VA', '', '', 'PCN', 'Nancy Powell'),
(444, 89, 'Ob/Gyn Assoc of Dover', 'Dover', 'DE', '', '', 'Versyss', 'Jayne Ray'),
(445, 90, 'Tupelo Medical Group', 'Tupelo', 'MS', '', '', 'PRN', 'Nancy Powell'),
(446, 95, 'Robert C. Brown, M.D.', 'Fair Hope', 'AL', '', '', 'Medic-PM ', 'Nancy Powell'),
(447, 96, 'Women''s Health Ctr of Southern OR', '', 'OR', '', '', 'Versyss', 'Jayne Ray'),
(448, 97, 'Women''s Healthcare of Haverhill', 'Haverhill', 'MA', '', '', 'IDX', 'Jayne Ray'),
(449, 98, 'TriCity Medical Clinic', '', 'UT', '', '', 'Lytec', 'Nancy Powell'),
(450, 99, 'Gwinnett Gynecology Assoc', 'Gwinnett', 'GA', '', '', 'Medic-PM', 'Nancy Powell'),
(451, 100, 'OB/GYN South', '', '', '', '', 'CDS - VantageMed', 'Jayne Ray'),
(452, 101, 'Ear, Nose and Throat, Limited', '', '', '', '', 'Medic-PM', 'Nancy Powell'),
(453, 103, 'Cornerstone Family Practice', '', '', '', '', 'DOCS', 'Jayne Ray'),
(454, 104, 'Women''s Health Specialists', '', '', '', '', 'Medical Manager', 'Jayne Ray'),
(455, 105, 'North Park Ob/Gyn Associated', 'Chattanooga', 'TN', '', '', 'SmartPractice', 'Nancy Powell'),
(456, 108, 'First Physicians Group', 'Pensacola', 'FL', '', '', 'Vision; Misys', 'Nancy Powell'),
(457, 109, 'Emerald Coast Ob/Gyn', 'Panama City', 'FL', '', '', 'Versyss', 'Nancy Powell'),
(458, 110, 'Surgical Clinic Assoc, PA', '', '', '', '', 'Versyss', 'Nancy Powell'),
(459, 111, 'Center for Videoscopic & Laser Surgery', '', '', '', '', 'NueMD', 'Jayne Ray'),
(460, 112, 'Robert Sewell M.D., P.A.', 'Bedford', 'TX', '', '', 'Millbrook', 'Nancy Powell'),
(461, 114, 'Lawn Medical Center, S.C.', '', '', '', '', 'Medic-PM', 'Jayne Ray'),
(462, 115, 'KidLungs Pediatric Pulmonology, PA', '', '', '', '', 'Altapoint', 'Nancy Powell'),
(463, 116, 'LongNeck Family Practice, P.A.', '', '', '', '', 'Medical Manager', 'Jayne Ray'),
(464, 117, 'Omega ObGyn Assoc of S Arlington', 'Arlington', 'TX', '', '', 'PCN', 'Nancy Powell'),
(465, 118, 'Sparks and Favor, P.C.', 'Birmingham', 'AL', '', '', 'CDS - VantageMed', ''),
(466, 119, 'Richard F. Ford, M.D., P.S.C.', '', '', '', '', 'Medical Manager', 'Jayne Ray'),
(467, 120, 'South Shore Women''s Health Care, P.C.', '', '', '', '', 'Medical Manager', 'Jayne Ray'),
(468, 121, 'Women''s Clinc of Jefferson City', 'Jefferson City', 'MO', '', '', 'Quick Recovery', 'Jayne Ray'),
(469, 123, 'Maternal Gynerations', '', '', '', '', 'Medical Manager', 'Nancy Powell'),
(470, 125, 'Obstetrics & Gynecology Consultants', '', '', '', '', 'PCN', 'Jayne Ray'),
(471, 126, 'Women''s Medical Group of Upland', '', '', '', '', 'On Staff 2000', 'Jayne Ray'),
(472, 127, 'Knoxville Internal Medicine', 'Knoxville', 'TN', '', '', 'Medical Manager', 'Nancy Powell'),
(473, 129, 'Medical Assoc of the Shoals', '', '', '', '', 'CDS - VantageMed', 'Jayne Ray'),
(474, 130, 'Mississippi Ear Nose and Throat', '', '', '', '', 'Medtron', 'Nancy Powell'),
(475, 131, 'Hattiesburg GI Assoc', 'Hattiesburg', 'MS', '', '', 'CSC', 'Nancy Powell'),
(476, 132, 'Women''s Clinic of Hattiesburg, P.A.', 'Hattiesburg', 'MS', '', '', 'QRS;  Versyss 3.08', 'Nancy Powell'),
(477, 133, 'Brevard Ear, Nose & Throat Center', '', '', '', '', 'Medical Manager', 'Jayne Ray'),
(478, 134, 'Shelby County Surgical', '', '', '', '', 'Misys-Flexible Package', 'Nancy Powell'),
(479, 135, 'Kids First Pediatric Group, LLC', '', '', '', '', 'Medicat 8.5', ''),
(480, 136, 'Heart and Vascular Care of Alabama', '', '', '', '', 'Excel Spreadsheet', 'Nancy Powell'),
(481, 137, 'East Alabama Urology Assoc', '', '', '', '', 'CDS - VantageMed', 'Jayne Ray'),
(482, 139, 'Florida Orthopaedic Specialists', '', 'FL', '', '', 'Misys Tiger', 'Nancy Powell'),
(483, 141, 'Ob/Gyn of Atlanta', 'Atlanta', 'GA', '', '', 'ProMed', 'Jayne Ray'),
(484, 142, 'Pulmonary Physicians of the N Shore', '', '', '', '', 'Medic-PM', 'Jayne Ray'),
(485, 144, 'Jackson Urological Assoc, P.C.', '', '', '', '', 'Medical Manager', 'Jayne Ray'),
(486, 145, 'Parker, Kline, Dunn, & Horowitz', '', '', '', '', 'Medical Manager', 'Jayne Ray'),
(487, 146, 'Southern Head & Neck Surgery', '', '', '', '', 'CDS - VantageMed', 'Jayne Ray'),
(488, 148, 'Surgical Assoc of the Palm Beaches', '', '', '', '', 'Medical Manager', 'Jayne Ray'),
(489, 149, 'Chattahoochee Healthcare', 'Villa Rica', 'GA', '12', '', 'IDX', 'Nancy Powell'),
(490, 151, 'Ob/Gyn Group of Manchester, P.C.', 'Manchester', 'CT', '', '', 'Medical Manager', 'Nancy Powell'),
(491, 153, 'Urological Assoc of Savannah', 'Savannah', 'GA', '9', '01/17/05', 'Medical Manager', 'Jayne Ray'),
(492, 155, 'Woods, Engel & CainSwope, P.C.', 'Nashville  ', 'TN', '', '', 'Provided by Client', 'Nancy Powell'),
(493, 157, 'Pediatric Orthopaedic Specialists of MS', 'Jackson', 'MS', '', '', 'ProMed', 'Nancy Powell'),
(494, 158, 'Rockbridge Medicine', 'Stone Mountain', 'GA', '', '', 'n/a', 'Nancy Powell'),
(495, 159, 'Daniel C. Bowen, M.D.', 'Cincinnati', 'OH', '', '', 'FoxPro', 'Nancy Powell'),
(496, 160, 'Treasure Coast Dermatology', 'Port St. Lucie', 'FL', '', '', 'MDAdvantage', 'Jayne Ray'),
(497, 162, 'Commonwealth Ear, Nose and Throat', 'Louisville', 'KY', '', '', 'Medic-PM', 'Jayne Ray'),
(498, 164, 'Midwest Digestive Disease Specialists', 'Chicago ', 'IL', '', '', 'Medic-PM', 'Jayne Ray'),
(499, 165, 'Neurosurgical Assoc Medical Group', 'Frensco', 'CA', '', '', 'Medical Manager', 'Jayne Ray'),
(500, 166, 'Charlestown Surgical Assoc', 'Charlestown', 'IN', '', '', 'Medical Manager', 'Jayne Ray'),
(501, 168, 'William Hayden Childs, M.D., P.C.', 'Samson', 'AL', '1', '', 'Excel Spreadsheet', 'Nancy Powell'),
(502, 169, 'Georgia Skin Specialists, P.C.', 'Atlanta', 'GA', '', '', 'Medical Manager', 'Nancy Powell'),
(503, 170, 'Kendrick Family Practice, P.C.', 'Lithonia', 'GA', '', '', 'Misys-Flexible Package', 'Nancy Powell'),
(504, 171, 'Cardiology Assoc of Atlanta, P.C.', 'Atlanta', 'GA', '2', '', 'Medisoft', 'Nancy Powell'),
(505, 173, 'Women''s Physicians of Jacksonville, PA', 'Jacksonville', 'FL', '', '', 'Medic-PM', 'Jayne Ray'),
(506, 175, 'Trinity Medical Assoc', 'Knoxville', 'TN', '', '', 'Medic-PM', 'Nancy Powell'),
(507, 177, 'Chattahoochee Valley Cardiology, P.C.', 'Columbus', 'GA', '2', '', 'N/A', 'Jayne Ray'),
(508, 178, 'Montclair OBGyn', 'Birmingham', 'AL', '', '', 'CDS - VantageMed', 'Nancy Powell'),
(509, 179, 'Keowee Surgical Group', 'Seneca', 'SC', '2', '12/06/04', 'MedWare', 'Jason'),
(510, 180, 'Alliance Ob/Gyn', 'Alpharetta', 'GA', '', '', 'Misys Tiger', 'Nancy Powell'),
(511, 181, 'Burlington ENT', 'Burlington', 'IA', '2', '12/17/07', 'ProData', 'Nancy Powell'),
(512, 182, 'Digestive Diseases Center of Hattiesburg', 'Hattiesburg', 'MS', '', '', 'PrimePractice', 'Nancy Powell'),
(513, 183, 'Boone Urology Center', 'Boone', 'NC', '4', '', 'Homegrown', 'Nancy Powell'),
(514, 184, 'Spartanburg Neurosurgical Institute', 'Spartanburg', 'SC', '', '', 'Compusys', 'Jayne Ray'),
(515, 185, 'Blue Ridge Womens Center', 'Elkin', 'NC', '', '', 'N/A', 'Jayne Ray'),
(516, 186, 'OBGyn Assoc of Shreveport', 'Shreveport', 'LA', '', '', 'PCN', 'Nancy Powell'),
(517, 187, 'Womans Clinic of Mississippi', 'Jackson', 'MS', '9', '01/17/05', 'MegaWest', 'Jason'),
(518, 189, 'Geneva Family Practice Assoc', 'Geneva', 'IL', '3', '', 'Medical Manager', 'Jayne Ray'),
(519, 190, 'Augusta Urology Assoc, LLC', 'Augusta', 'GA', '7', '', 'Compusys', 'Nancy Powell'),
(520, 191, 'Naples Obstetrics & Gynecology, M.D., P.C.', 'Naples', 'FL', '4', '', 'Medic-PM', 'Jayne Ray'),
(521, 192, 'Nashville Orthopaedic Specialists, P.C.', 'Nashville  ', 'TN', '1', '', 'MegaWest', 'Jayne Ray'),
(522, 193, 'Physicians of the North Shore, LTD', 'Skokie', 'IL', '', '', 'Medic-PM', 'Jayne Ray'),
(523, 194, 'Surgical Specialists, PA', 'Whichata', 'KS', '5', '', 'Medical Manager', 'Jayne Ray'),
(524, 196, 'Sekine & Rasner, PA', 'Jacksonville', 'FL', '2', '', 'Medical Manager', 'Jayne Ray'),
(525, 197, 'The Hand Surgery Center, P.A.', 'Greenville', 'SC', '4', '', 'Medical Manager', 'Nancy Powell'),
(526, 198, 'Shelby Ob/Gyn', 'Alabaster', 'AL', '5', '', 'ProMed', 'Jayne Ray'),
(527, 199, 'Southern Obstetrics & Gynecologic Assoc', 'Breese', 'IL', '3', '', 'Versyss', 'Nancy Powell'),
(528, 200, 'Low Country OBGyn', 'Mt Pleasant', 'SC', '10', '01/31/05', 'Compusys', 'Jayne Ray'),
(529, 202, 'West Georgia Gastroenterology Assoc', 'Carrollton', 'GA', '3', '', 'Medical Manager', 'Nancy Powell'),
(530, 204, 'Kansas City Clinical Neurology Assocaites, LTD', 'Kansas City', 'MO', '5', '11/15/05', 'CDS - VantageMed', 'Jason'),
(531, 208, 'Edinburg OBGYN', 'Edinburgh', 'TX', '4', '', 'Medical Manager', 'Nancy Powell'),
(532, 209, 'Northeastern Kentucky Surgeons, P.S.C', '', 'KY', '', '01/10/04', 'Medic-PM', 'Jason'),
(533, 210, 'Rockingham Memorial Hospital', '', 'VA', '35', '', 'Siemens', 'Jayne Ray'),
(534, 211, 'Tennessee Women''s Care, P.C.', 'Nashville', 'TN', '43', '', 'Medic-PM, Tiger, Lytec, Altapointe', 'Nancy Powell'),
(535, 212, 'University Heart Cardiovascular Group', 'Pembroke Pines', 'FL', '9', '01/24/05', 'GE PM', 'Nancy Powell'),
(536, 213, 'Womens Healthcare Center of Houston', 'Houston', 'TX', '6', '01/31/05', 'Data Decisions', 'Jason'),
(537, 215, 'Brookline ENT', 'Brookline', 'MA', '2', '12/13/04', 'Misys Tiger', 'Nancy Powell'),
(538, 216, 'Acadian ENT', 'Lafayette', 'LA', '2', '01/17/05', 'Medic-PM', 'Jayne Ray');
INSERT INTO `allsites` (`id`, `siteId`, `name`, `city`, `state`, `zip`, `goLiveDate`, `legacySystem`, `specialist`) VALUES
(539, 217, 'Coastal Carolina Surgical Assoc', 'Wilmington', 'NC', '9', '01/10/04', 'Cactus-MD Win', 'Jayne Ray'),
(540, 218, 'Rutherford OBGyn', 'Rutherford', 'NC', '5', '12/13/04', 'Versyss ', 'Nancy Powell'),
(541, 219, 'Cardiology Assoc of Altoona', 'Altoona', 'PA', '3', '12/13/04', 'Misys-Flexible Package', 'Jason'),
(542, 220, 'Advanced Orthopaedics', 'Temecula', 'CA', '3', '01/17/05', 'Physicians on Call POC', 'Jason'),
(543, 221, 'Internal Medicine Assoc', 'Norwich', 'CT', '1', '', 'Lytec', 'Nancy Powell'),
(544, 222, 'Lakeland Surgical Clinic', 'Jackson', 'MS', '6', '01/17/05', 'Versyss', 'Nancy Powell'),
(545, 223, 'Neurosurgical Specialists', 'Norfolk', 'VA', '5', '02/28/05', 'Medic-PM', 'Jason'),
(546, 224, 'ENT and Voice Care', 'Decatur', 'GA', '1', '', 'new practice', 'Jayne Ray'),
(547, 225, 'Coastal Cardiology', 'Pascagoula', 'MS', '1', '12/13/04', 'new practice', 'Jayne Ray'),
(548, 226, 'IMA of Oxford', 'Oxford', 'MS', '', '', 'Medical Manager', 'Nancy Powell'),
(549, 229, 'Robinson OBGyn', 'Covington', 'GA', '2', '', 'InnoMed(Provided by Client)', 'Jayne Ray'),
(550, 230, 'McKinney OBGyn', 'McKinney', 'TX', '', '', 'Millbrook', 'Jayne Ray'),
(551, 231, 'Wilson OBGyn', 'Wilson', 'NC', '4', '', 'Misys-Flexible Package', 'Nancy Powell'),
(552, 232, 'Talladega OBGyn', 'Talladega', 'AL', '3', '', 'Data Decisions', 'Nancy Powell'),
(553, 233, 'Drs Esposite, Mayer, Hogan', 'Columbia', 'MD', '10', '', 'ADS', 'Jayne Ray'),
(554, 235, 'Obstetrical Assoc', 'Fall River', 'MA', '5', '05/02/05', 'MENDS', 'Jason'),
(555, 236, 'Wallendorf ENT', 'Carroll', 'IA', '1', '', 'PMSI', 'Jayne Ray'),
(556, 237, 'ENT Professional Services', 'Davenport', 'IA', '3', '02/21/05', 'Medisoft', 'Jason'),
(557, 238, 'Southwest OBGyn', 'Houston', 'TX', '11', '', 'Meds Partner', 'Jayne Ray'),
(558, 239, 'Beaufort OBGyn', 'Beaufort', 'SC', '4', '03/21/05', 'Compusys', 'Jason'),
(559, 240, 'The Core Institute', 'Sun City West', 'AR', '4', '', 'new practice', 'Nancy Powell'),
(560, 244, 'Ortho Sport Medicine Clinic', 'Birmingham', 'AL', '11', 'cncld', 'NextGen', 'Nancy Powell'),
(561, 245, 'Professional Park Medical Services', 'Carrollton', 'GA', '5', '04/21/05', 'BaseMed', 'Nancy Powell'),
(562, 246, 'Mobile OBGyn', 'Mobile', 'AL', '7', '', 'CDS - VantageMed', 'Nancy Powell'),
(563, 247, 'Andrews Institute', 'Pensacola', 'FL', '2', '', 'new practice', 'Nancy Powell'),
(564, 249, 'Integrated OBGyn', 'Greenwood', 'CO', '4', '', 'Medical Manager', 'Jayne Ray'),
(565, 250, 'Healthcare for Women', 'New Bedford', 'MA', '11', '05/09/05', 'Wisdom', 'Jason'),
(566, 251, 'Womens Wellness OBGyn', '', 'NV', '', '', 'MediSoft', 'Jayne Ray'),
(567, 252, 'Mintview OBGyn', 'Charlotte', 'NC', '7', '', 'Medic-PM', 'Jayne Ray'),
(568, 254, 'Family Medicine Assoc of East AL', 'Opelika', 'AL', '6', '06/20/05', 'Medic-PM', 'Jason'),
(569, 255, 'Erickson OBGyn', 'Reno', 'NV', '7', '05/17/05', 'Medical Manager', 'Nancy Powell'),
(570, 256, 'Southern Pines Womens  Ctr', 'Southern Pines', 'NC', '6', '', 'Wisdom', 'Jason'),
(571, 257, 'Coastal Orthopaedics Orthopaedics & Sports', 'Hinesville', 'GA', '2', '', 'Compusys', 'Jayne Ray'),
(572, 259, 'Comprehensive Women''s Medical Center', 'W Palm Beach', 'FL', '4', '06/14/05', 'Wisdom', 'Nancy Powell'),
(573, 261, 'Creekmore Clinic', 'New Albany', 'MS', '3', '', 'Versyss', 'Jayne Ray'),
(574, 262, 'Athens Neurological Assoc', 'Athens', 'GA', '7', '', 'I-Series', 'Jayne Ray'),
(575, 264, 'Bonnie Osterwald, MD', 'Allentown', 'PA', '2', '', 'Medical Manager', 'Jayne Ray'),
(576, 265, 'The Hodges Group', 'Memphis', 'TN', '3', '', 'Edimys', 'Jayne Ray'),
(577, 266, 'Todd Thompson, MD', 'Honolulu', 'HI', '1', '', 'new practice', 'Nancy Powell'),
(578, 267, 'Albany Gastroenterology', 'Albany', 'GA', '', '', 'Medic-PM', 'Jayne Ray'),
(579, 268, 'Pain Consultants of Atlanta', 'Atlanta', 'GA', '4', '', 'Practice Partner and Medisoft', 'Jayne Ray'),
(580, 269, 'Epstein Internal Medicine', '', 'NJ', '', '', 'Provided by Client', 'Nancy Powell'),
(581, 270, 'Western Surgical Group', 'Reno', 'NV', '', '', 'Medical Manager', 'Jayne Ray'),
(582, 271, 'Erie Niaeara Neurosurgery', 'Orchard Park', 'NY', '1', '', 'new practice', 'Nancy Powell'),
(583, 273, 'Womens Health Group of SE GA', 'Brunswick', 'GA', '', '', 'Medical Manager', 'Jayne Ray'),
(584, 276, 'Womens Health Alliance', 'Louisville', 'KY', '1', '', 'PrimeSuite', 'Nancy Powell'),
(585, 277, 'Fox Valley Womens Health Partners', 'Aurora', 'IL', '4', '', 'Medical Manager', 'Jayne Ray'),
(586, 280, 'Neurosurgery & Spine Northwest', 'Coure d''Alene', 'ID', '1', '', 'new practice', 'Jason'),
(587, 281, 'Womens Clinic', 'Spartanburg', 'SC', '', '', 'Compusys', 'Nancy Powell'),
(588, 282, 'Heart Center Cardiology', 'Opelika', 'AL', '3', '', 'Medic-PM', 'Jason'),
(589, 289, 'Lexington OBGYN', 'Lexington', 'KY', '5', '', 'PPM - Data from Vendor', 'Nancy Powell'),
(590, 290, 'Bradley Bartholomew, MD', 'New Orleans', 'LA', '2', '', 'Medisoft', 'Nancy Powell'),
(591, 291, 'Peachtree Neurosurgery', 'Atlanta', 'GA', '', '', 'Medical Manager', 'Nancy Powell'),
(592, 293, 'Atlanta OBGYN', 'Atlanta', 'GA', '', '', 'ProMed', 'Nancy Powell'),
(593, 295, 'SW Womens HC Assoc', 'Olympia Fields', 'IL', '', '', 'Medical Manager', 'Nancy Powell'),
(594, 296, 'Surgical Specialists of W New Eng', 'Pittsfield', 'MA', '2', '', 'Versyss', 'Jayne Ray'),
(595, 297, 'The Woman''s Group', 'Tampa', 'FL', '', '', 'Medical Manager', 'Jayne Ray'),
(596, 298, 'The Woodlands OBGYN ', 'The Woodlands', 'TX', '', '', 'MOMS', 'Jayne Ray'),
(597, 299, 'Chattanooga Center for Women', 'Chattanooga', 'TN', '2', '', 'Lytec', 'Jayne Ray'),
(598, 300, 'North Willow Family Medicine, LLC ', 'Cookeville ', 'TN', '1', '', 'Softaid', 'Jayne Ray'),
(599, 302, 'ENT for Children, P.A.', 'Coppell', 'TX', '2', '', 'N/A', 'Jayne Ray'),
(600, 305, 'Womens Healthcare Assoc', 'Fort Payne', 'AL', '12', 'Client Hold', 'Medisoft', 'Nancy Powell'),
(601, 306, 'Harrisonburg ENT', 'Harrisonburg', 'VA', '8', '', 'VoTech Solutions', 'Nancy Powell'),
(602, 310, 'Pelosi Womens Medical Center', 'Bayonne', 'NJ', '15', '', 'ADS', 'Jayne Ray'),
(603, 311, 'Women Partners in OBGYN, LLP', 'San Antonio ', 'TX', '36', '', 'Medical Manager', 'Jayne Ray'),
(604, 314, 'Long Island Otolaryngology', 'Huntington', 'NY', '1', '', 'None', 'Nancy Powell'),
(605, 316, 'Brain & Spine Institute', 'Jackson, TN', 'TN', '1', '10/17/05', 'ClinAxis', 'Jayne Ray'),
(606, 317, 'W. AL FP & Sports', 'Northport, AL', 'AL', '8', '11/14/05', 'ProMed', 'Nancy Powell'),
(607, 319, 'Upstate Surgical', 'Seneca, SC', 'SC', '1', '10/17/05', 'PrimeSuite', ''),
(608, 320, 'FP of W. Volusia', 'Deland, Fl', 'FL', '3', '01/16/06', 'MENDS', 'Nancy Powell'),
(609, 322, 'Austin Medical', 'Forest Hills, NY', 'NY', '2', '12/12/05', 'new practice', ''),
(610, 323, 'Jackson Pulmonary', 'Jackson, MS', 'MS', '8', '12/19/05', 'MegaWest', 'Nancy Powell'),
(611, 324, 'LaRue, McKown, Patton', 'Dallas, TX', 'TX', '3', '02/06/06', 'Medical Manager', 'Jayne Ray'),
(612, 325, 'Seven Hills', 'Cincinnati', 'OH', '35', '05/08/06', 'Medic-PM', 'Nancy Powell'),
(613, 326, 'MidWestchester Medical', 'White Plains', 'NY', '12', '01/16/06', 'Practice Partner', 'Jayne Ray'),
(614, 327, 'Devore ENT', 'Dayton, OH', 'OH', '2', '12/12/05', 'New Practice', 'Nancy Powell'),
(615, 330, 'Physicians & Surgeons Clinic', 'Amory, MS', 'MS', '7', '04/17/06', 'ProMed', 'Nancy Powell'),
(616, 331, 'Peninsula Neurosurgical', 'Salisbury, MD', 'MD', '3', '02/13/06', 'Medical Manager', 'Jayne Ray'),
(617, 333, 'Espirit Womens', 'Parker, CO', 'CO', '4', '02/20/06', 'Lytec', 'Jayne Ray'),
(618, 334, 'Southern Womens', 'Flowood, MS', 'MS', '5', '01/09/06', 'Medical Manager', 'Jayne Ray'),
(619, 335, 'Family HC of SW Ga', 'Thomasville, Ga', 'GA', '2', '12/12/05', 'Medic-PM', 'Jayne Ray'),
(620, 336, 'Hudson''s Bay Medical Group', 'Vancouver', 'WA', '6', '01/23/06', 'Provided by Client', 'Nancy Powell'),
(621, 337, 'James River OBGYN', 'Richmond, VA', 'VA', '3', '01/30/06', 'MDRhythm', 'Nancy Powell'),
(622, 338, 'Mandarin Pediatrics', 'Jacksonville, FL', 'FL', '3', '11/28/05', 'Altapoint', 'Nancy Powell'),
(623, 339, 'Womens Group Gwinnett', 'Snellville, GA', 'GA', '5', '01/23/06', 'Wisdom', 'Nancy Powell'),
(624, 340, 'Ga. Urogynecology', 'Fayetteville, Ga', 'GA', '1', '12/05/05', 'Medisoft', 'Nancy Powell'),
(625, 341, 'Gateway Aesthetic', 'Salt Lake City', 'UT', '3', '02/13/06', 'Practice Partner', 'Nancy Powell'),
(626, 343, 'Specialists for Women', 'The Woodlands', 'TX', '4', '03/06/06', 'MedInformatics', 'Jayne Ray'),
(627, 344, 'Women''s Health Clinic', 'Florence, AL', 'AL', '1', '01/23/06', 'CSC', 'Jayne Ray'),
(628, 346, 'FMA Raleigh', 'Raleigh, NC', 'NC', '3', '02/20/06', 'Medic-PM', 'Nancy Powell'),
(629, 348, 'Destination Health', 'Southlake', 'TX', '1', '02/06/06', 'New Practice', 'Nancy Powell'),
(630, 350, 'Sims & Boggess ENT', 'Bowling Green', 'KY', '2', '02/13/06', 'PPM', 'Daniel'),
(631, 351, 'Shore Pulmonary', 'Ocean, NJ', 'NJ', '', '04/10/06', 'Misys-Excalibur', 'Nancy Powell'),
(632, 352, 'Women''s Health', 'Park Ridge, IL', 'IL', '6', '02/27/06', 'Medical Manager', 'Jayne Ray'),
(633, 353, 'Tinley Primare Care', 'Tinley Park, IL', 'IL', '5', '03/13/06', 'PCN', 'Nancy Powell'),
(634, 354, 'Women''s Care Center', 'Milledgeville, Ga', 'GA', '1', '02/27/06', 'Medisoft', 'Nancy Powell'),
(635, 356, 'Cleveland & Gilchrist', '', '', '', '', 'PrimeSuite', 'Nancy Powell'),
(636, 357, 'Stephen Welden, MD', 'Tampa, FL', 'FL', '1', '03/13/06', 'Visionary', 'Daniel'),
(637, 358, 'Women''s Healthcare Assoc', 'Boca Raton, FL', 'FL', '8', '03/20/06', 'Xmed', 'Daniel'),
(638, 359, 'Charleston Breast Center', 'Charleston, SC', 'SC', '2', '02/13/06', 'New Practice', 'Jayne Ray'),
(639, 362, 'MidAtlantic Surgical', 'Morristown', 'NJ', '', '', 'Excalibur', 'Jayne Ray'),
(640, 363, 'Michael Ross, DO', 'W. Kendall', 'FL', '1', '03/27/06', 'Lytec', 'Daniel'),
(641, 364, 'Women''s Clinic of Monroe', 'Monroe', 'LA', '', '09/25/06', 'Medical Manager', 'Nancy Powell'),
(642, 366, 'Aegis Womens', 'Bloomington', 'IN', '', '09/11/06', 'PCN', 'Nancy Powell'),
(643, 367, 'OBGYN & Infertility', 'Edina, MN', 'MN', '7', 'Client Hold', 'Cerner - DISC', 'Nancy Powell'),
(644, 368, 'Palm Beach OBGYN', 'Lake Worth', 'F', '4', '06/05/06', 'MedQuest', 'Nancy Powell'),
(645, 370, 'Hampton Roads Ortho', 'Newport News', 'VA', '6', '05/15/06', 'Medic-PM', 'Daniel'),
(646, 372, 'Dr. Anthony', 'Bay St Louis', 'MS', '', '06/26/06', 'Medtron', 'Nancy Powell'),
(647, 373, 'Womens Health Clinic', 'Shreveport', 'LA', '5', '05/01/06', 'PICS', 'Jayne Ray'),
(648, 375, 'NE Ga. Otolaryngology', 'Gainesville', 'GA', '3', '07/17/06', 'Medical Manager', 'Daniel'),
(649, 376, 'Logansport Womens', 'Logansport', 'IN', '4', '05/22/06', 'MedWare', 'Jayne Ray'),
(650, 379, 'Complete Care', 'Macon,', 'GA', '2', 'Client Hold', 'New Practice', 'Jayne Ray'),
(651, 381, 'Mt. Auburn OBGYN', 'Cincinnati', 'OH', '9', '10/16/06', 'Medic-PM', 'Jayne Ray'),
(652, 383, ' Winter Park OBGYN', 'Orlando', 'FL', '11', '06/26/06', 'IDX', 'Daniel'),
(653, 385, 'Tift Area Urology', 'Tifton', 'GA', '2', '06/05/06', 'Medical Manager', 'Jayne Ray'),
(654, 386, 'Meadville OBGYN', 'Meadville', 'PA', '5', '06/26/06', 'Medisoft', 'Nancy Powell'),
(655, 387, 'Renaissance Womens Group', 'Austin', 'TX', '8', '', 'Medical Manager', 'Nancy Powell'),
(656, 388, 'Hodes Neurosurgery', 'Louisville', 'KY', '1', '06/19/06', 'NextGen', 'Nancy Powell'),
(657, 390, 'Midwest Center for Women', 'Glenview', 'IL', '4', '07/01/09', 'Provided by Client', 'Nancy Powell'),
(658, 391, 'Hartwell Family Practice', 'Hartwell', 'GA', '4', '05/30/06', 'Master Med', 'Nancy Powell'),
(659, 393, 'Sirven & Arronte', 'Miami', 'FL', '2', '06/12/06', 'Medisoft', 'Nancy Powell'),
(660, 394, 'Dr. Morsi & Curtiss', 'Bowling Green', 'KY', '2', '06/12/06', 'Medic-PM', 'Nancy Powell'),
(661, 395, 'Rosemark WomenCare Specialist', 'Idaho Falls', 'ID', '12', '07/10/06', 'Medisoft', 'Jayne Ray'),
(662, 396, 'North Valley Surgical Assoc', 'Phoenix', 'AZ', '14', 'Client Hold', 'PCN', 'Jayne Ray'),
(663, 399, 'SW OK ENT', 'Lawton', 'OK', '3', '05/30/06', 'Medical Manager', 'Jayne Ray'),
(664, 400, 'Eastchester OBGYN, PC', 'Scarsdale', 'NY', '4', '07/17/06', '', 'Jayne Ray'),
(665, 401, 'Cornerstone Medical Group', 'Dalton', 'GA', '8', '06/19/06', '', ''),
(666, 402, 'ENT Assoc of Greater Kansas City', 'Independence', 'MO', '9', '10/02/06', 'Medical Manager / Pulse', 'Nancy Powell'),
(667, 403, 'North Jersey Thoracic', 'Morristown', 'FL', '3', '06/19/06', '', ' '),
(668, 404, 'Dr. William G. Rincon', 'Ft. Myers', 'FL', '1', '06/12/06', 'Misys Tiger', 'Jayne Ray'),
(669, 405, 'Virginia Physicins for Women', 'Richmond', 'VA', '20', '11/06/06', 'Medic-PM', 'Nancy Powell'),
(670, 406, 'McDaniel & Durrett, PC', 'Atlanta', 'GA', '3', '06/19/06', '', ''),
(671, 407, 'MidAtlantic MultiSpecialty Group, LLC', 'Jackson', 'NJ', '2', 'Client Hold', '', ''),
(672, 408, 'G. Edward Newman MD PLLC', 'Knoxville', 'TN', '1', '05/15/06', '', 'Jayne Ray'),
(673, 409, 'West GA Heart and Vascular Center', 'LaGrange', 'GA', '1', '06/05/06', '', ''),
(674, 410, 'Family Medical Specialty Clinic, PLLC', 'Jackson', 'KY', '3', '07/24/06', 'QRS-Paradigm', 'Nancy Powell'),
(675, 411, 'Ladies First OB/GYN Services, PC', 'Farmington', 'MO', '2', '08/07/06', 'Medical Manager', 'Nancy Powell'),
(676, 412, 'Rhonda Kobold, D.O. & Becky Smith, D.O', 'Sterling Heights', 'MI', '', '01/15/07', '', ''),
(677, 413, 'Western Michigan Urological Assoc', 'Holland', 'MI', '4', '07/17/06', 'Medical Manager', 'Nancy Powell'),
(678, 414, 'Ordway Research Institute, Inc', 'Albany', 'NY', '3', '07/20/06', '', ''),
(679, 415, 'Emerald Coast Obstetrics & Gynecology', 'Pensacola', 'Fl', '2', '07/17/06', '', ''),
(680, 416, 'Infinity Medical Clinic', 'Ft. Madison', 'IA', '2', '07/17/06', 'Medical Manager', 'Jayne Ray'),
(681, 417, 'Midwest ENT, PC', 'Evansville', 'IN', '5', '11/13/06', 'Medical Manager', 'Nancy Powell'),
(682, 418, 'Midwest ENT of Owensboro, PC', 'Owensboro', 'KY', '3', '10/16/06', 'Medical Manager', 'Nancy Powell'),
(683, 419, 'Immanuel Women''s Center LLC', 'Chattsworth', 'GA', '1', '07/17/06', '', ''),
(684, 420, 'Lynchburg Gynecology', 'Lynchburg', 'VA', '3', '06/19/06', '', ''),
(685, 421, 'Camp Creek Womens Center, PC', '', '', '2', '07/17/06', '', ''),
(686, 422, 'Cardiology Center of Dalton, P.C.', 'Dalton', 'GA', '1', '08/14/06', 'Medical Manager', 'Jayne Ray'),
(687, 423, 'Premier Surgical Specialist, P.C. ', 'Rochester Hills', 'MI', '4', '10/09/06', 'A4-Ntierprise', 'Nancy Powell'),
(688, 424, 'Urban Family Practice Assoc, P.C.', 'Marietta', 'GA', '7', '08/28/06', '', ''),
(689, 425, 'Los Banos Medical Group Inc.', 'Los Banos', 'CA', '3', '09/05/06', 'Medical Manager', 'Nancy Powell'),
(690, 426, 'Sandeepa Utpat, MD', 'Lakewood', 'NJ', '14', '', '', ''),
(691, 427, 'Low Country Urology Clinics, P.A.', 'Charleston', 'SC', '14', '08/07/06', '', ''),
(692, 428, 'Global Health Services', 'Tampa', 'FL', '15', '09/25/06', '', ''),
(693, 429, ' Fort Madison Physicians and Surgeons', 'Ft. Madison', 'IA', '5', '11/13/06', 'PrimeSuite', 'Nancy Powell'),
(694, 430, 'Stillwater Women''s Clinic, Inc', 'Stillwater', 'OK', '1', '08/28/06', 'InfoSys - MedSys', 'Nancy Powell'),
(695, 431, 'Boyd Obstetrics and Gynecology S.C.', 'Peoria', 'IL', '5', '09/18/06', 'Medical Manager', 'Nancy Powell'),
(696, 432, 'Northwest Women''s Center', 'Houston', 'TX', '16', '03/12/07', 'Medic-PM', 'Ricky Duke'),
(697, 433, 'Henderson & Walton Women''s Center, P.C.', 'Birmingham', 'AL', '1', '10/02/06', 'CDS - VantageMed', 'Nancy Powell'),
(698, 434, 'Christian S. Vissers, MD', 'Lawrenceburg', 'TN', '3', '09/05/06', 'PrimeSuite', 'Jayne Ray'),
(699, 435, 'Advanced Women''s Health Specialists', 'Longwood', 'FL', '3', '10/30/06', 'Medical Manager', 'Nancy Powell'),
(700, 436, 'A Woman''s Place', 'Naples', 'FL', '4', '09/25/06', 'Medical Manager', 'Jayne Ray'),
(701, 437, 'Medical Arts Center LLC', 'Livingston', 'TN', '1', '08/21/06', 'Versyss', 'Nancy Powell'),
(702, 438, 'Bennie Martin Fullbright, MD', 'Murray', 'KY', '1', '10/16/06', 'Hospital system - PDS Cortex', ''),
(703, 439, 'Kim Fields, MD', 'Valley', 'AL', '2', 'Client Hold', '', ''),
(704, 440, 'Silver Lakes Urgent Treatment', 'Pembroke Pines', 'FL', '2', '09/11/06', 'MedWare', 'Nancy Powell'),
(705, 441, 'Charles Tomaszewski, MD', 'Lakewood', 'NJ', '10', '', '', ''),
(706, 442, 'Desoto Family Medical Practice, PC', 'Olive Branch', 'MS', '3', '09/25/06', '', ''),
(707, 443, 'Blackshear Family Practice, P.C.', 'Blackshear', 'GA', '1', '10/23/06', 'Medical Manager', 'Jayne Ray'),
(708, 444, 'Integrated Ear, Nose & Throat, PC', 'Lone Tree', 'CO', '5', '09/11/06', 'Practice Point', 'Nancy Powell'),
(709, 445, 'Pinetop Medical Assoc Ltd.', 'Pinetop', 'AZ', '1', '09/18/06', 'N/A', ''),
(710, 446, 'Jorgenson & Koka LLP', 'Las Vegas', 'NV', '1', 'Client Hold', 'Medical Manager', 'Nancy Powell'),
(711, 447, 'AlphaCare', 'Alpharetta', 'GA', '3', '09/05/06', '', ''),
(712, 448, 'Ford Clinic, Inc., DBA, NE GA Medical Assoc', 'Lavonia', 'GA', '2', '10/02/06', '', ''),
(713, 449, 'Center  of Orthopedic Excellence, Inc.', 'Jefferson City', 'MO', '6', '09/25/06', 'Medical Manager', 'Nancy Powell'),
(714, 450, 'Columbia Ear,  Nose, and Throat, LLC', 'Columbia ', 'TN', '1', '', '', ''),
(715, 451, 'Maverick Holdings, LLC', 'Carriere', 'MS', '7', 'Client Hold', '', ''),
(716, 452, 'South Shelby Family Medicine, P.C.', 'Alabaster', 'AL', '2', '09/05/06', 'N/A', 'Jayne Ray'),
(717, 453, 'Overlake Obstetricians and Gynecologists, PC ', 'Bellevue', 'WA', '1', '12/04/06', 'Horizon', 'Jayne Ray'),
(718, 454, 'Brandenburg Family Practice', 'Brandenburg', 'KY', '8', '09/18/06', 'Medical Manager', 'Tiffany/Jayne'),
(719, 455, 'Center for Preventive Cardiovascular Care', 'Atlanta', 'GA', '1', '08/31/06', '', ''),
(720, 456, 'ENT Consultants of Nevada', 'Las Vegas', 'NV', '2', '10/30/06', 'Medioccur', 'Jayne Ray'),
(721, 457, 'Heart and Vascular Center of Atlanta, LLC', 'Atlanta', 'GA', '3', '', '', ''),
(722, 458, 'Piqua Family Practice', 'Piqua', 'OH', '3', '09/25/06', 'Medic-PM', 'Jayne Ray'),
(723, 459, 'Wren & Barrow OBGYN, PLLC ', 'Mountain Home', 'AR', '2', '10/02/06', 'CRT Unix/Linux - local homegrown PM system', 'Jayne Ray'),
(724, 460, 'Neurosurgery Assoc', 'Waco', 'TX', '2', '10/30/06', 'Wisdom', 'Jayne Ray'),
(725, 461, 'Urgent MD, LLC', 'Augusta', 'GA', '5', 'Client Hold', '', ''),
(726, 462, 'Atlanta Metro Urology Clinic, P.C.', 'Fayetteville', 'GA', '6', '11/13/06', 'Medical Manager', 'Jayne Ray'),
(727, 463, 'Annapolis Ear, Nose & Throat', 'Annapolis', 'MD', '1', '11/13/06', 'MegaWest', 'Nancy Powell'),
(728, 464, 'Murray Woman''s Clinic, PLLC', 'Murray', 'KY', '8', '05/14/07', 'Vital Works', 'Nancy Powell'),
(729, 465, 'Wendy Corning, MD', '', 'IN', '1', '01/08/07', 'PrimeSuite', 'Nancy Powell'),
(730, 466, 'Women''s Medical Center, LLP', 'Clovis', 'NM', '1', '10/16/06', 'SmartPractice', 'Jayne Ray'),
(731, 467, 'Atlanta Colposcopy Center, P.C.', 'Roswell', 'GA', '2', '11/27/06', '', ''),
(732, 468, 'Lakeshore Clinic, PC', 'Eufaula', 'AL', '3', '09/28/06', '', ''),
(733, 469, 'Surgical Enhancement Center', 'Covington', 'LA', '2', '10/02/06', 'Medical Manager', 'Nancy Powell'),
(734, 470, 'Drs. Isbell, Wittman and Dydell, PLLC', 'Kirkland', 'WA', '7', '11/13/06', 'Prism', 'Nancy Powell'),
(735, 471, 'Azalea Women''s Healthcare, P.A.', 'Tallahassee', 'FL', '1', '11/13/06', 'PCN', ''),
(736, 472, 'Northland Ob/Gyn Assoc, P.A.', 'Duluth', 'MN', '1', '12/04/06', 'Misys Tiger', 'Nancy Powell'),
(737, 473, 'Alabama Orthopaedic Clinic, P.C.', 'Mobile', 'AL', '39', '10/01/07', 'MegaWest', 'Jayne Ray'),
(738, 474, 'Hubbard Clinic', 'Louisville', 'KY', '3', '11/13/06', 'Medical Manager', 'Nancy Powell'),
(739, 475, 'WomenCare, PC', 'Columbus', 'GA', '1', '12/04/06', 'Medical Manager', 'Nancy Powell'),
(740, 476, 'Sherman Cardiovascular Care', 'Sherman', 'TX', '1', '01/15/07', 'med team', 'Jayne Ray'),
(741, 477, 'Marc Lame, MD', 'Charlevoix ', 'MI', '', '10/16/06', 'Medical Manager', 'Nancy Powell'),
(742, 478, 'Khoa Le, MD', 'Kingsville', 'TX', '', 'Client Hold', '', ''),
(743, 479, 'James R. Curtiss MD, LLC', 'Bowling Green', 'KY', '', '10/02/06', 'PrimeSuite', 'Jayne Ray'),
(744, 480, 'East Side Med Spa Family Practice, Inc.', 'Covington', 'GA', '', '10/09/06', '', ''),
(745, 481, 'Dr. Kuenzli', 'Kokomo', 'IN', '3', 'Client Hold', '', ''),
(746, 482, 'Thomas Sargero, MD', 'Hamilton', 'OH', '1', '12/04/06', 'PBSI', 'Nancy Powell'),
(747, 483, 'Peninsula Kidney', 'Hampton', 'VA', '4', '12/11/06', 'Misys Tiger', 'Jayne Ray'),
(748, 484, 'Jackson Regional Womens', 'Jackson', 'TN', '3', '12/11/06', 'Medic-PM', 'Nancy Powell'),
(749, 485, 'The Livingston Clinic', 'Livingston', 'TN', '4', '12/11/06', 'Medic-PM', 'Jayne Ray'),
(750, 486, 'Pulmonary Consultants', 'Tacoma', 'WA', '14', '02/05/07', 'Medical Manager', 'Nancy Powell'),
(751, 487, 'South Tampa Medical ', 'Tampa', 'FL', '4', '12/11/06', 'Medical Manager', 'Nancy Powell'),
(752, 488, 'Suburban Womens', 'Suwanee', 'Ga', '2', '10/16/06', '', ''),
(753, 489, 'Rockwell Physicians', 'Mildlothian', 'VA', '1', '12/11/06', 'Medical Manager', 'Jayne Ray'),
(754, 490, 'Romero Health', 'Tulsa', 'OK', '1', 'Client Hold', '', ''),
(755, 491, 'Surgery Assoc', 'Tupelo', 'MS', '4', '12/11/06', 'dst', 'Jayne Ray'),
(756, 492, 'Drs Greek & Kalkanis', 'Corona', 'CA', '2', '12/11/06', 'Physicians Management', 'Nancy Powell'),
(757, 493, 'Atlantic Phy and Surg', 'Vineland', 'NJ', '4', '12/14/06', 'Medics Premier', 'Jayne Ray'),
(758, 494, 'Twin Lakes Medical', 'Mountain Home', 'AR', '4', '12/04/06', 'Medical Manager', 'Jayne Ray'),
(759, 494, 'Twin Lakes Medical', 'Mountain Home', 'AR', '4', '12/04/06', 'Medical Manager', 'Jayne Ray'),
(760, 495, 'Oak Hills Womens', 'San Antonio', 'TX', '2', '01/08/07', 'MOMS', 'Nancy Powell'),
(761, 496, 'Potter Medical', 'Lackey', 'KY', '1', '04/01/07', 'Medical Manager', 'Ricky Duke'),
(762, 497, 'Harrisonburg OBGYN', 'Harrisonburg', 'VA', '6', '03/05/07', 'Medical Manager', 'Nancy Powell'),
(763, 498, 'Medical Park Ortho', 'Batesville', 'AR', '3', '01/15/07', 'CPO', 'Nancy Powell'),
(764, 499, 'Comprehensive OBGYN', 'Loxahatchee', 'FL', '2', '03/19/07', 'Medisoft', 'Nancy Powell'),
(765, 500, 'Capital Area OBGYN', 'Raleigh', 'NC', '8', '03/05/07', 'MARS Practice Management - 2 years', 'Jayne Ray'),
(766, 501, 'Melbourne Dermatology', 'Melbourne', 'FL', '2', '02/05/07', 'Medical Manager', 'Ricky Duke'),
(767, 502, 'Calhoun OBGYN', 'Calhoun', 'GA', '3', '01/15/07', 'Medical Manager', 'Jayne Ray'),
(768, 503, 'Womens Health Center', 'McComb', 'MS', '3', '02/05/07', 'MegaWest', 'Jayne Ray'),
(769, 504, 'Cumberland Neurological', 'Cookeville', 'TN', '2', '01/02/07', 'MedWare', 'Nancy Powell'),
(770, 505, 'Pamela Evans, MD', 'Paris', 'TN', '1', '02/05/07', 'Medical Manager', 'Jayne Ray'),
(771, 506, 'T. Paul Evans, MD', 'Huntington', 'TN', '2', '02/05/07', 'Medical Manager', 'Jayne Ray'),
(772, 507, 'Dr Cohen', 'Grayslake', 'IL', '1', '01/29/07', '', ''),
(773, 508, 'Bay Dermatology', 'Port Richey', 'FL', '7', '01/22/07', 'Visionary', 'Nancy Powell'),
(774, 509, 'Dr Bingham', 'Cincinnati', 'OH', '4', '04/02/07', 'Virtual Medical Network', 'Nancy Powell'),
(775, 510, 'Center for Breast Care', 'Glendale', 'CA', '1', 'Client Hold', '', ''),
(776, 511, 'Premier Care Pediatrics', 'Cortland', 'OH', '3', '02/19/07', 'Misys Tiger', 'Nancy Powell'),
(777, 512, 'Otolaryngology Physicians', 'Lancaster', 'PA', '5', '03/12/07', 'Misys-Excalibur', 'Nancy Powell'),
(778, 513, 'St Marks', '', '', '', '', '', ''),
(779, 514, 'Family Medical Specialty', 'Shawnee', 'OK', '2', '04/23/07', 'Medic-PM', 'Jayne Ray'),
(780, 515, 'Brewton Medical Center', 'Brewton', 'AL', '11', '', 'gsd', 'Jayne Ray'),
(781, 517, 'Dr Devine', 'Wellington', 'FL', '2', '01/15/07', 'Intergy / ADS', 'Nancy Powell'),
(782, 518, 'Southern Crescent ENT', 'Stockbridge', 'GA', '4', '04/02/07', 'Zotech', 'Jayne Ray'),
(783, 519, 'Bulloch Pediatrics', 'Statesboro', 'Ga', '2', '03/13/07', 'office practium', 'Jayne Ray'),
(784, 520, 'N. Bay Family Medical', 'Biloxi', 'MS', '4', '03/01/07', 'Artificial Intelligence', 'Nancy Powell'),
(785, 522, 'Gex Women''s Care', 'Las Vegas', 'NV', '1', '03/05/07', '', ''),
(786, 523, 'Kentucky Cardiology', 'Lexington', 'KY', '3', '03/05/07', 'intergy', 'Jayne Ray'),
(787, 524, 'Manhattan Otolaryngology', 'New York', 'NY', '5', '03/20/07', 'Medcomp', 'Nancy Powell'),
(788, 525, 'Dr. Linda Evans', 'Cincinnati', 'OH', '1', '03/05/07', 'Medical Manager', 'Ricky Duke'),
(789, 526, 'Willow Oaks Peds', 'Libertyville', 'IL', '3', '', '', ''),
(790, 527, 'Pediatric Medical Assoc', 'Vista', 'CA', '4', '03/05/07', '', ''),
(791, 528, 'Children''s Choice', 'Dublin', 'VA', '2', '03/19/07', 'Misys Tiger', 'Jayne Ray'),
(792, 529, 'Dr. MacKrizz', 'Corpus Christi', 'TX', '1', '', '', ''),
(793, 530, 'Crossroads Health Center', 'Victoria', 'TX', '2', '04/02/07', 'Medical Manager', 'Ricky Duke'),
(794, 531, 'Eastern Connecticut ENT', 'Willimantic', 'CT', '4', '03/12/07', 'Medical Manager', 'Jayne Ray'),
(795, 532, 'N. Central AR Medical', 'Mountain Home', 'AR', '5', '04/16/07', 'PDS-Borteez', 'Jayne Ray'),
(796, 533, 'Dr Massullo', 'Kankakee', 'IL', '1', '', '', ''),
(797, 534, 'Assoc in Rehab', 'Morristown', 'NJ', '14', '04/23/07', 'Medical Manager', 'Nancy Powell'),
(798, 535, 'Athens Area Surgical', 'Athens', 'GA', '1', '02/12/07', 'Medical Manager', 'Jayne Ray'),
(799, 536, 'Canady Surgical', 'Monongahela', 'PA', '1', '', '', ''),
(800, 537, 'Pain South', 'Birmingham', 'AL', '2', '04/02/07', 'ProMed', 'Nancy Powell'),
(801, 538, 'Surgical Assoc of S. AL', 'Brewton', 'AL', '2', '04/16/07', 'CDS - VantageMed', 'Ricky Duke'),
(802, 539, 'Acadia Womens', 'Crowley', 'LA', '2', '03/01/07', 'Medisoft', 'Ricky Duke'),
(803, 540, 'Womens Clinic Lincoln', 'Lincoln', 'NE', '4', '', 'Medical Manager', 'Ricky Duke'),
(804, 541, 'Transplantation & Gen Surgery', 'Houston', 'TX', '3', '04/16/07', '', ''),
(805, 542, 'HealthStep Inc', 'Cherry Hill', 'NJ', '1', '02/05/07', '', ''),
(806, 543, 'Dr. McCaughan', 'Lakewood', 'NJ', '1', '', '', ''),
(807, 544, 'Albany General Surgery', 'Albany', 'GA', '1', '02/26/07', '', ''),
(808, 545, 'Arboretum OBGYN', 'Charlotte', 'NC', '3', '03/19/07', 'Medical Manager', 'Nancy Powell'),
(809, 546, 'Texoma Urgent Care', 'Durant', 'OK', '1', '', 'Medisoft', 'Nancy Powell'),
(810, 547, 'Specialists in OBGYN', 'Gillette', 'WY', '2', '08/24/07', 'MedWorks', 'Nancy Powell'),
(811, 548, 'NW AR Heart and Vascular', 'Fayetteville', 'AR', '11', '05/29/07', 'IDX', 'Ricky Duke'),
(812, 549, 'Osceloa OBGYN', 'Kissimmee', 'FL', '1', '04/02/07', '', ''),
(813, 551, 'W. Ga Cardiology', 'Carrollton', 'gA', '3', '', 'Medical Manager', 'Nancy Powell'),
(814, 552, 'Cobb Nephrology', 'Austell', 'Ga', '2', '03/26/07', 'Medical Manager', 'Jayne Ray'),
(815, 553, 'NW Ga Dermatology', 'Rome', 'Ga', '1', '04/23/07', 'Databased', 'Ricky Duke'),
(816, 554, 'Kelson Physicians', 'Woodmere', 'NY', '6', '04/23/07', 'Medical Manager', 'Jayne Ray'),
(817, 556, 'Athanasios Antoniodis', 'W. Islip', 'NY', '2', '05/07/07', 'Medical Manager', 'Jayne Ray'),
(818, 557, 'Partners in Womens Healthcare', 'Orlando', 'FL', '5', '04/16/07', 'Medical Manager', 'Nancy Powell'),
(819, 558, 'TLC for Women', 'Lawrenceville', 'Ga', '1', '04/02/07', 'GE PM', 'Ricky Duke'),
(820, 559, 'Dr. House', '', '', '', '05/14/07', 'Lytec', 'Jayne Ray'),
(821, 560, 'Dr. Bond', 'Washington D.C.', 'DC', '', '', '', ''),
(822, 561, 'St Blaise ENT', 'Highpoint', 'NC', '1', '04/23/07', '', ''),
(823, 562, 'Dr Pack', 'Las Vegas', 'NV', '1', '04/09/07', 'Medisoft', 'Jayne Ray'),
(824, 563, 'Wasatch Pediatrics', 'Salt Lake City', 'UT', '49', '', 'MegaWest', 'Jayne Ray'),
(825, 564, 'Dr. Alario', 'Bayville', 'NJ', '4', 'Client Hold', '', ''),
(826, 565, 'Dr Harrison', 'Arlington', 'TX', '1', '07/16/07', '', ''),
(827, 566, 'Dr Gryspeerdt', 'Batesville', 'IN', '1', '05/14/07', '', ''),
(828, 568, 'Toni Vu, MD', 'Upland', 'CA', '1', '05/14/07', '', ''),
(829, 569, 'Keokuk Clinic', 'Keokuk', 'IA', '3', '05/29/07', 'Medical Manager', 'Jayne Ray'),
(830, 570, 'First Coast Pediatrics', 'Fernandina Beach', 'FL', '2', '06/14/07', 'Medical Manager', 'Jayne Ray'),
(831, 571, 'West Shore Urology', 'Muskegon', 'MI', '4', '', '', ''),
(832, 572, 'Bedford Womens', 'Bedford', 'NH', '7', '06/04/07', 'Medical Manager', 'Jayne Ray'),
(833, 573, 'N. Suburban Medical Assoc', 'Lake Bluff', 'IL', '5', '', '', ''),
(834, 574, 'Advanced Women''s Healthcare', 'Plattsburgh', 'NY', '3', '', '', ''),
(835, 575, 'Gynecology Specialists', 'Myrtle Beach', 'SC', '2', '05/14/07', 'Compusys', 'Jayne Ray'),
(836, 576, 'Women''s Health', 'Fort Wayne', 'IN', '21', '', 'MIE', 'Ricky Duke'),
(837, 577, 'Southern Family Practice ', 'Anniston', 'AL', '1', '06/11/07', 'EHS', 'Nancy Powell'),
(838, 578, 'Assoc in OBGYN', 'Plattsburgh', 'NY', '', '', 'MedENT', ''),
(839, 579, 'Charles Street OB', 'Towson', 'MD', '3', '03/24/08', 'Medical Mastermind', 'Nancy Powell'),
(840, 580, 'Ashcake Family Practice', 'Mechanicsville', 'VA', '2', '05/14/07', 'Medical Manager', 'Jayne Ray'),
(841, 581, 'Advanced Breast Treatment', 'Las Vegas', 'NV', '1', '06/11/07', '', ''),
(842, 582, 'Heart Clinic of Paris, P.A.', 'Paris', 'TX', '1', '06/04/07', '', ''),
(843, 583, 'Physicans for Women', 'Warner Robins', 'GA', '3', '08/06/07', 'Medical Manager', 'Jayne Ray'),
(844, 585, 'Clingham Medical Center', 'Rhonda', 'NC', '', '05/21/07', 'N/A', 'Jayne Ray'),
(845, 586, 'ASM Ortho', 'Las Vega', 'NV', '2', '05/08/07', 'PrimeSuite', 'Nancy Powell'),
(846, 587, 'Cedars Heart Clinc, PPLC', 'Chandler', 'AZ', '', '', '', ''),
(847, 588, 'Matrice Browne, MD', 'Olney', 'MD', '1', '05/14/07', '', ''),
(848, 593, 'Commonwealth Primary Care', 'Richmond', 'VA', '39', '09/16/07', 'MegaWest', 'Jayne Ray'),
(849, 595, 'Opelika Cardiovascular', 'Opelika', 'AL', '1', '06/18/07', 'Advanced MD', 'Ricky Duke'),
(850, 597, 'Guadalupe Medical', 'Las Vegas', 'NV', '12', '08/20/07', 'QRS-Paradigm', 'Nancy Powell'),
(851, 598, 'Childrens Urology', 'Las Vegas', 'NV', '3', '', '', ''),
(852, 599, 'Middle Ga Orthopaedic', 'Eastman', 'Ga', '1', '06/25/07', 'Billing Service Provided', 'Jayne Ray'),
(853, 600, 'Dr Groff', 'Corpus Christi', 'TX', '1', '06/25/07', '', ''),
(854, 601, 'Drs Tagliarini, Mitchell, O''Neal and Bocardo', 'Tampa', 'Fl', '', '06/25/07', 'Versyss', 'Nancy Powell'),
(855, 602, 'Holly K. Vigil, MD', 'Flagstaff', 'AZ', '4', '08/06/07', 'AcerMed', 'Jayne Ray'),
(856, 603, 'Partners in Family Practice', 'Colonial Heights', 'VA', '', '12/03/07', '', ''),
(857, 605, 'Global Pediatrics', 'New York', 'NY', '', '07/23/07', 'Medcomp', 'Ricky Duke'),
(858, 607, 'Michelsen and Holt', 'Frisco', 'TX', '', '09/21/07', '', ''),
(859, 608, 'Chester Family Medcare', 'Chester', 'VA', '4', '07/23/07', 'Medic-PM', 'Nancy Powell'),
(860, 609, 'Isis Womens Care', 'Martinsville', 'VA', '1', '07/30/07', '', ''),
(861, 610, 'Southdale OBGYN', 'Edina', 'MN', '11', '02/04/08', 'Cerner', 'Nancy Powell'),
(862, 612, 'Southern OH Surgical Assoc', 'Portsmouth', 'OH', '2', '11/08/07', 'Medical Manager', 'Ricky Duke'),
(863, 613, 'Roderick Diggs, MD', 'Mansfield', 'TX', '1', '09/17/07', '', ''),
(864, 614, 'Finger Lakes Women''s', 'Pittsford', 'NY', '3', '07/30/07', 'The Specialists-PM', 'Nancy Powell'),
(865, 615, 'College Hill Women''s ', 'Rock Springs', 'WY', '3', '08/27/07', 'Vital Works', 'Nancy Powell'),
(866, 617, 'Womens Clinic', 'Jackson', 'TN', '6', '12/03/07', 'GynTek', 'Nancy Powell'),
(867, 618, 'Cool Springs OBGYN', 'Franklin', 'TN', '1', '08/13/07', '', ''),
(868, 619, 'John A Haugen Assoc', 'Minneapolis', 'MN', '11', '02/04/08', 'Cerner', 'Nancy Powell'),
(869, 620, 'Obstetrics & Gynecology', 'N. Charleston', 'SC', '4', '10/01/07', 'Compusys', 'Jayne Ray'),
(870, 621, 'Dr Tabassi', 'Las Vegas', 'NV', '1', '11/12/07', '', ''),
(871, 622, 'Boise OBGYN', 'Boise', 'ID', '7', '09/24/07', 'DataPulse', 'Nancy Powell'),
(872, 623, 'Women MD', 'Webster', 'TX', '5', '12/17/07', 'GE PM', 'Jayne Ray'),
(873, 624, 'Westchase Urgent Care', 'Tampa', 'FL', '1', '10/29/07', '', ''),
(874, 625, 'Borders and Assoc', 'Lexington', 'KY', '6', '07/01/08', 'Medical Manager', ''),
(875, 626, 'Women''s Health Consultants', 'Minneapolis', 'MN', '9', '02/08/08', 'Medic-PM', 'Jayne Ray'),
(876, 629, 'Premier Womens', 'Riverdale', 'GA', '1', '09/04/07', '', ''),
(877, 630, 'Western Carolina Womens', 'Asheville', 'NC', '4', '09/24/07', 'Practice Revolution', 'Ricky Duke'),
(878, 632, 'Pulmonary Medicine Assoc', 'Alabaster', 'AL', '4', '', 'ProMed', ''),
(879, 633, 'Contemporary Womens', 'Knoxville', 'TN', '3', '09/04/07', 'PrimeSuite', 'Nancy Powell'),
(880, 634, 'Tracye Zlobl, MD', 'Naples', 'FL', '', '10/15/07', '', ''),
(881, 635, 'Women''s Life Center', 'Lumberton', 'NC', '4', '11/12/07', 'Medic-PM', 'Jayne Ray'),
(882, 636, 'Women''s Health Ctr of Oregon', 'Oregon City', 'OR', '8', '11/05/07', 'Medic-PM', 'Jayne Ray'),
(883, 637, 'Virginia Medical Center', 'Colonial Heights', 'VA', '', '', 'Medical Manager', 'Jayne Ray'),
(884, 639, 'Ga Pediatric Cardiology', 'Stockbridge', 'GA', '2', '11/12/07', 'Medical Manager', 'Nancy Powell'),
(885, 640, 'Vista Medical', 'Las Vegas', 'NV', '2', '10/11/07', 'Medisoft', 'Nancy Powell'),
(886, 641, 'Neurology Assoc', 'Norwich', 'CT', '5', '11/12/07', 'Compusys', 'Ricky Duke'),
(887, 642, 'Trent Fogleman, MD', 'Abbeville', 'LA', '1', '11/12/07', 'NextGen', 'Jayne Ray'),
(888, 643, 'Kenneth Entes, MD', 'Lafayette', 'LA', '1', '01/14/08', 'ACS/Provided by client', 'Nancy Powell'),
(889, 644, 'Dr. Adalfe', '', '', '', '', 'Medisoft', 'Jayne Ray'),
(890, 646, 'Highland Ctr for Ortho', 'Lakeland', 'FL', '1', '10/15/07', '', ''),
(891, 647, 'Global OBGyn Center', 'Pembroke Pines', 'FL', '10', '', 'Avisena', 'Nancy Powell'),
(892, 648, 'New Horizons', '', 'TN', '', '', 'PrimeSuite', 'Nancy Powell'),
(893, 649, 'Neurological & Spinal Surgery', 'Merrillville', 'IN', '4', '12/03/07', 'OfficeWare', 'Jayne Ray'),
(894, 651, 'Family Physicians of Winder', 'Winder', 'GA', '3', '12/17/07', 'PCN', 'Nancy Powell'),
(895, 652, 'Innovative Paincare', 'Franklin', 'WI', '3', '02/18/08', 'Practice Point', 'Nancy Powell'),
(896, 653, 'Metro OBGYN', '', '', '', '', 'Cerner Powerworks', 'Jayne Ray'),
(897, 654, 'James T. Martin, MD', 'N. Charleston', 'SC', '1', '11/12/07', 'Misys', 'Ricky Duke'),
(898, 655, 'Candlewood Valley Pediatrics', 'New Millford, CT', 'CT', '5', '12/10/07', 'Advantecs', 'Jayne Ray'),
(899, 656, 'Acadiana Women''s Health Group', 'Lafayette', 'LA', '12', '12/17/07', 'Misys', 'Ricky Duke'),
(900, 657, 'Palmetto Tri County IM', 'Lancaster, SC', 'SC', '5', '12/10/07', 'Medical Manager', 'Ricky Duke'),
(901, 660, 'Cape Women First', 'Cape Girardeau, MO', 'MO', '3', '03/03/08', 'Medical Manager', 'Nancy Powell'),
(902, 662, 'Mercer Island Dermatology', 'Mercer Island', 'WA', '1', '', '', ''),
(903, 663, 'Blue Ridge Women''s', 'Harrisonburg, VA', 'VA', '1', '01/21/08', 'Medical Manager', 'Jayne Ray'),
(904, 664, 'Advanced Pain Mgmt', 'Norfolk', 'VA', '', '06/02/08', 'Athena/Provided by Client', 'Nancy Powell'),
(905, 665, 'Clough', 'Livingston', 'TN', '', '12/15/08', 'PrimeSuite', 'Nancy Powell'),
(906, 667, 'OGYN of Augusta', 'Augusta', 'GA', '', '', 'NextGen', 'Jayne Ray'),
(907, 668, 'Dr Sacks', 'Las Vegas, NV', 'NV', '1', '01/17/08', '', ''),
(908, 669, 'Greater Atlanta Womens', 'Atlanta, Ga', 'GA', '2', '12/17/07', 'Medical Manager', 'Nancy Powell'),
(909, 670, 'Pediatric Surgery of Louisiana', 'Baton Rouge, LA', 'LA', '4', '01/10/08', '', ''),
(910, 671, 'Wee Care Pediatrics', 'Layton, UT', 'UT', '10', '01/28/08', 'Raintree', 'Ricky Duke'),
(911, 672, 'Delta Dermatology', 'Helena, AR', 'AR', '1', '12/13/07', '', ''),
(912, 675, 'Cornerstone Womens', 'Wytheville, VA', 'VA', '1', '12/17/07', '', ''),
(913, 676, 'Magnolia Medical Center', 'Aiken, SC', 'SC', '1', '02/07/08', 'Advanced MD', 'Jayne Ray'),
(914, 677, 'Dr Thomas Brown', 'Batesville, IN', 'IN', '1', '01/17/08', '', ''),
(915, 679, 'Dr Timothy Sauter', 'Las Vegas, NV', 'NV', '3', '01/28/08', 'Altapoint', 'Nancy Powell'),
(916, 680, 'Dr Jeffrey Hatcher', 'Greensburg', 'IN', '1', '04/07/08', 'Provided by Client', 'Nancy Powell'),
(917, 681, 'Peachtree Vascular Specialists', 'Stockbridge', 'GA', '2', '', 'Medcere', 'Ricky Duke'),
(918, 682, 'Hilltop OBGyn', 'Middletown', 'OH', '7', '02/25/08', 'PBSI', 'Nancy Powell'),
(919, 683, 'Queen City Surgical', 'Cincinnati', 'OH', '', '', 'PBSI / VMN', 'Jayne Ray'),
(920, 684, 'The Physician & Midwife Collaborative Prac', 'Alexandria', 'VA', '11', '', 'Medisoft', ''),
(921, 685, 'North Virginia Physicians to Women', 'Arlington', 'VA', '2', '03/10/08', 'Medical Manager', 'Nancy Powell'),
(922, 686, 'Dr Jick', 'Pasadena', 'CA', '1', '', 'Lytec', ''),
(923, 687, 'Pulmonary and Sleep Assoc', 'Jasper', 'AL', '1', '', 'MedAssist', ''),
(924, 688, 'The Wright Clinic', 'Knoxville', 'TN', '', '', 'Outlook', ''),
(925, 692, 'Urology Center of Northeastern Kentucky Inc', 'Ashland', 'KY', '3', '', 'Pulse', 'Ricky Duke'),
(926, 694, 'Collins & Hart', 'St Petersburg', 'FL', '3', '', 'Altapoint', 'Jayne Ray'),
(927, 695, 'Ashley Womens Center', '', '', '', '', 'Compusys', ''),
(928, 696, 'Plum Spring Clinic', 'Chapel Hill', 'NC', '2', '04/14/08', 'Emdeon', 'Nancy Powell'),
(929, 698, 'Miller & Turner', 'Las Vegas', 'NV', '', '', 'NextGen', ''),
(930, 699, 'OB Gyn Assoc', 'Fairfield', 'OH', '10', '07/28/08', 'Misys Tiger', 'Nancy Powell'),
(931, 700, 'Richmond OBGYN', 'Richmond', 'VA', '13', '', 'Misys', ''),
(932, 701, 'Oakdale OBGyn', 'Robbinsdale', 'MN', '10', '08/04/08', 'A4 Ntierprise', 'Nancy Powell'),
(933, 702, 'Provo American Fork', 'Provo', 'UT', '10', '', 'Medical Manager / Megawest', 'Jayne Ray'),
(934, 703, 'Womens Health Care of Ill', 'Evergreen Park', 'IL', '6', '', 'Medisoft', ''),
(935, 704, 'Primary Plus', 'Vanceburg', 'KY', '20', '', 'MedInformatics', 'Ricky Duke'),
(936, 705, 'Seven Oaks Womens', 'San Antonio', 'TX', '9', '', 'MOMS', ''),
(937, 706, 'Womens Health Professionals', 'Gadsden', 'AL', '4', '05/05/08', 'Medic-PM', 'Nancy Powell'),
(938, 707, 'Purvisha Patel, MD', '', '', '', '', '', ''),
(939, 708, 'Capital City OBGyn', 'Columbia', 'SC', '2', '11/30/09', 'CompuData', 'Nancy Powell'),
(940, 709, 'Kendrick', '', 'AL', '', '', 'PrimeSuite', 'Nancy Powell'),
(941, 710, 'West Gynecology & Medical Spa', 'Midlothian', 'VA', '1', '', '', ''),
(942, 711, 'Joseph Terrana', 'Nesconset', 'NY', '1', '', '', ''),
(943, 712, 'South Valley ENT', 'Salt Lake City', 'UT', '2', '04/10/08', 'Practice Point', 'Nancy Powell'),
(944, 713, 'Internal Medicine', 'Ponca City', 'OK', '2', '', 'Misys Tiger', 'Jayne Ray'),
(945, 714, 'Cahaba Valley Surgical Group', 'Alabaster', 'AL', '4', '', 'Southgate Technologies', 'Jayne Ray'),
(946, 715, 'Ear Nose & Throat of NW GA', 'Rome', 'GA', '3', '03/31/08', 'Cerner/Kiron', 'Nancy Powell'),
(947, 716, 'Ridgewood Family Medical Clinic', 'Jackson', 'MS', '1', '', '', ''),
(948, 717, 'Copeland Medical Services', 'Celina', 'TN', '1', '', 'Doctors Access', 'Jayne Ray'),
(949, 718, 'PediMed Center', 'Midland', 'TX', '2', '', 'Misys', 'Jayne Ray'),
(950, 719, 'Pediatric Multicare', 'Pompton Lakes', 'NJ', '1', '', 'Bond Clinicians', ''),
(951, 720, 'Sheffield & Dempsey', 'Athens', 'GA', '3', '04/21/08', 'Medical Manager', 'Nancy Powell'),
(952, 721, 'Advance Womens Healthcare', 'Plattsburgh', 'NY', '8', '', 'MedENT', 'Nancy Powell'),
(953, 722, 'Massapequa Heart Group', 'Seaford', 'NY', '8', '', 'Medical Manager', 'Jayne Ray'),
(954, 723, 'Fridley Childred & Teenager Ctr', 'Fridley', 'MN', '4', '', 'Newman & Associates', 'Jayne Ray'),
(955, 725, 'Roberto Villegas Pediatrics', 'Laredo', 'TX', '1', '', '', ''),
(956, 726, 'South Georgia Surgical Clinics', 'Tifton', 'GA', '4', '', 'Medical Manager', 'Jayne Ray'),
(957, 727, 'Hector Cases', 'Tampa', 'FL', '1', '', '', ''),
(958, 728, 'Central Phoenix Womens Health Care', 'Phoenix', 'AZ', '2', '', 'Medical Manager', ''),
(959, 729, 'Northlake OB Gyn', 'Dallas', 'TX', '8', '', 'Centricity', 'Jayne Ray'),
(960, 730, 'Premier Womens Health', 'Bingham Farms', 'MI', '1', '', 'Med Axis', 'Jayne Ray'),
(961, 731, 'Chesterfield Pediatrics', 'Midlothian', 'VA', '4', '05/19/08', 'Misys Tiger', 'Nancy Powell'),
(962, 732, 'Womens HC Group of PA', '', 'PA', 'Ent.', '', 'Athena', 'Nancy Powell'),
(963, 733, 'Albany Vascular Specialists Center', 'Albany', 'GA', '1', '', '', ''),
(964, 734, 'Piedmont Pain Consultants', 'Atlanta', 'GA', '1', '', '', ''),
(965, 736, 'Rub Pediatrics', 'Miami', 'FL', '2', '', 'PS Innovations', ''),
(966, 737, 'Carolina Womens HC', 'Sanford', 'NC', '3', '06/16/08', 'OMNI', 'Nancy Powell'),
(967, 739, 'Anchorage Neuro Assoc', 'Anchorage', 'AK', '5', '05/19/08', 'Data Strategies', 'Nancy Powell'),
(968, 740, 'West End OBGyn', 'Richmond', 'VA', '5', '', 'A4 Ntierprise', ''),
(969, 741, 'The Birth Center', 'Missoula', 'VA', '5', '', 'Medisoft', ''),
(970, 742, 'North Point Cardiovascular and Thoracic', 'Corinth', 'MS', '1', '', 'Centricity', 'Nancy Powell'),
(971, 743, 'Cascade Womens Healthcare', 'Yakima', 'WA', '2', '06/23/08', 'MicroMD', 'Nancy Powell'),
(972, 744, 'Utah County Surgical Assoc', 'Provo', 'UT', '9', '', 'Centricity', ''),
(973, 745, 'North Georgia Surgery and Comp Breast', '', 'GA', '', '', 'Misys', ''),
(974, 747, 'Dermatology of N MS', 'Tupelo', 'MS', '1', '06/30/08', 'PrimeSuite', 'Nancy Powell'),
(975, 750, 'BrynFincher Pulmonary & Critical Care', 'Shreveport', 'LA', '2', '', 'Medical Manager', ''),
(976, 751, 'Gastroenterology Asso', '', 'MS', '', '', 'Mends', 'Nancy Powell'),
(977, 752, 'Sleepcare Diagnostics', 'Mason', 'OH', '4', '', 'Athena', ''),
(978, 753, 'The Womens Health Center of Alice', 'Alice', 'TX', '1', '', '', ''),
(979, 754, 'Chariton Family Medical', 'Chariton', 'IA', '5', '08/25/08', 'Medical Manager', 'Jayne Ray'),
(980, 756, 'OBGyn Assoc', 'Cedar Rapids', 'IA', '13', '', 'GE PM', ''),
(981, 757, 'Colin Myers MD', 'Mechanicsburg', 'PA', '1', '', '', ''),
(982, 758, 'Coastal Womens Healthcare', 'Scarborough', 'ME', '8', '', 'Versyss', 'Jayne Ray'),
(983, 759, 'Auburn Acute Care', 'Auburn', 'AL', '2', '', '', ''),
(984, 760, 'Atlantic Urogynecology', 'Suffolk', 'VA', 'One', '', '', ''),
(985, 761, 'Womens Health Specialists', 'Roanoke Rapids', 'NC', '3', '', 'MedInformatics', ''),
(986, 762, 'Hamilton Cardiology Assoc', 'Trenton', 'NJ', '10', '', 'Medical Manager', 'Nancy Powell'),
(987, 763, 'Satbir Chhina MD', 'Laredo', 'TX', 'One', '', '', ''),
(988, 764, 'Steamboat Springs', 'Steamboat Springs', 'CO', '1', '', 'MicroMD', 'Jayne Ray'),
(989, 765, 'PrimeCare of Dothan', 'Dothan', 'AL', '6', '', 'Medisys', 'Jayne Ray'),
(990, 766, 'Womens Heatlh Partners', 'Summerville', 'SC', '4', '', 'Brickell', ''),
(991, 767, 'Surgical Assoc of Fredicksburg', 'Fredricksburg', 'VA', '6', '', 'Benchmark', 'Jayne Ray'),
(992, 768, 'BL Family Practice', 'BatesburgLeesville', 'SC', '1', '', 'Misys', ''),
(993, 769, 'Tule River Indian Health Center', 'Porterville', 'CA', '6', '', 'RPMS', 'Nancy Powell'),
(994, 770, 'Caring for Women', 'Denton', 'TX', '4', '', 'Centricity', ''),
(995, 772, 'Dr Management Services', 'Brooklyn', 'NY', '5', '', 'Meditab', ''),
(996, 773, 'Comprehensive Healthcare for Women', '', '', '', '', '', 'Nancy Powell'),
(997, 774, 'The Urology Center', 'Hattiesburg', 'MS', '2', '', '', ''),
(998, 775, 'Irvin Choudhry Baylor', 'Round Rock', 'TX', '3', '', 'Medical Manager', ''),
(999, 776, 'st Choice Obstetrics and Gyn', 'The Woodlands', 'TX', '2', '07/28/08', 'PrimeSuite', 'Nancy Powell'),
(1000, 777, 'Brown Eye Surgery', 'Jackson', 'MS', '3', '', 'Medisoft', 'Nancy Powell'),
(1001, 778, 'Womens Specialists of New Mexico', '', '', '', '', '', ''),
(1002, 779, 'Women''s Specialists of New Mexico, Ltd.', 'Albequerque ', 'NM', '?', '02/23/09', 'Viaduct', 'Nancy Powell'),
(1003, 782, 'Comprehensive Pain Center of MS, PLLC', 'MIssissippi', 'MS', '1', '09/15/08', '', ''),
(1004, 787, 'Great Lakes Digiestive', 'Petoskey', 'MI', '4', '10/20/08', 'Med Axis', 'Nancy Powell'),
(1005, 792, 'Petoskey Surgeons', 'Petoskey', 'MI', '4', '10/20/08', 'Med Axis', 'Nancy Powell'),
(1006, 793, 'Eye Surgical Assoc, PC', 'Dothan ', 'AL', '1', '05/06/09', 'N/A', 'Ricky Duke'),
(1007, 794, 'Athena Urolgy', 'Athens', 'GA', '2', '', 'BaseMed', 'Nancy Powell'),
(1008, 796, 'Vascular Inst of KY', 'Ashland', 'KY', '1', '09/15/08', 'Medical Manager', 'Nancy Powell'),
(1009, 797, 'Vista Way Ob Gyn Medical Group, Inc.', 'Oceanside ', 'CA', '6', '03/23/09', '', 'Jayne Ray'),
(1010, 798, 'William R Dorsey', 'Centerville', 'OH', '2', '01/05/09', 'PBSI', 'Nancy Powell'),
(1011, 801, 'Southwire', 'Carrollton', 'GA', '3', '09/18/08', 'Enterprise', 'Nancy Powell'),
(1012, 803, 'Seattle Ob Gyn', 'Seattle ', 'WA', '9', '02/17/09', 'Centricity', 'Jayne Ray'),
(1013, 805, 'Obstetrics and Gynecology Care Assoc, SC', 'Bloomington ', 'IL', '2', '01/19/09', '', ''),
(1014, 806, 'Helotes Pediatrics', 'Helotes', 'TX', '2', '10/06/08', 'Elligence / Data Strategies', 'Nancy Powell'),
(1015, 809, 'Set Shahbabian', 'Cincinnati', 'OH', '1', '10/20/08', 'Medisoft', 'Nancy Powell'),
(1016, 810, 'Heart of Florida Health Center', 'Ocala', 'FL', '1', '11/17/08', 'Medisoft', 'Nancy Powell'),
(1017, 812, 'Clackamas Pediatrics', 'Clackamas', 'OR', '10', '11/03/08', 'Centricity', 'Nancy Powell'),
(1018, 813, 'MayGrant Obstetrics & Gynecology', 'Lancaster ', 'PA', '10', '03/30/09', 'MegaView', 'Nancy Powell'),
(1019, 814, 'Americare Medical Assoc', 'Hamilton', 'NJ', '3', '11/16/09', 'Provided by Client', 'Nancy Powell'),
(1020, 817, 'Beaver Dam Womens Health', 'Beaver Dam', 'WI', '2', '11/17/08', 'Medical Manager', 'Nancy Powell'),
(1021, 818, 'St. Louis Womens Healthcare Group', 'St Louis', 'MO', '2', '12/15/08', 'Medstar', 'Ricky Duke'),
(1022, 820, 'St Louis Surgical', 'Chesterfield', 'MO', '4', '11/10/08', 'MSI Simplicity Microsystem', 'Nancy Powell'),
(1023, 822, 'RiverHills Healthcare', 'Cincinnati ', 'OH', '22', '01/19/09', 'Opus', 'Ricky Duke'),
(1024, 823, 'Heritage Medical Partners', 'Hilton Head', 'SC', '6', '12/29/08', 'Medical Manager', 'Nancy Powell'),
(1025, 824, 'Bay Heart Group', 'Tampa', 'FL', '7', '12/08/08', 'Medical Manager', 'Nancy Powell'),
(1026, 825, 'Physicians Medical Center', 'Jacksonville ', 'FL', '31', '02/16/09', 'Provided by Client', 'Nancy Powell'),
(1027, 826, 'Pulmonary and Sleep Medicine', 'Dalto', 'GA', '', '', 'Medisoft', 'Jayne Ray'),
(1028, 827, 'TriCounty Orthopedics and Sports Medicine', 'Elkin', 'NC', '5', '02/02/09', '', 'Ricky Duke'),
(1029, 831, 'Womens Health Group  ', 'Thornton', 'CO', '21', '', 'Misys-Medic', 'Jayne Ray'),
(1030, 832, 'Foti Chronopolous, MD, SC', 'Oak Lawn ', 'IL', '1', '01/26/09', 'Altapoint', 'Jayne Ray'),
(1031, 833, 'Cardiovascular Specialty Assoc of North Texas, PA', 'Irving ', 'TX', '48', '03/30/09', 'Athena', 'Ricky Duke'),
(1032, 834, 'Bayside Ob Gyn & Infertility', 'Erie ', 'PA', '4', '3/22/2010', '', ''),
(1033, 836, 'Albuquerque Women''s Health', 'Albequerque ', 'NW', '3', '05/18/09', 'Medisoft', 'Nancy Powell'),
(1034, 837, 'Pottsville Internists Assoc', '', '', '', '', '', ''),
(1035, 839, 'Cache Valley Women''s Center, PLLC', 'Logan ', 'UT', '4', '03/23/09', 'Medisoft', 'Jayne Ray'),
(1036, 840, 'Katrina Haslett, MD', 'Las Vegas All ', 'NV', '1', '01/13/09', '', ''),
(1037, 841, 'James J. Brynes, MD, PA', 'Delray Beach ', 'FL', '1', '03/09/09', 'Provided by Client', 'Jayne Ray'),
(1038, 842, 'Birmingham Heart Clinic, PC', 'Birmingham ', 'AL', '9', '01/26/09', 'Medisys', 'Nancy Powell'),
(1039, 844, 'Front Royal Internal Medicine', 'Front Royal', 'VA', '', '03/23/09', '', ''),
(1040, 846, 'South Tabor Family Physicians', 'Portland', 'OR', '7', '01/26/09', 'Entergy', 'Ricky Duke'),
(1041, 847, 'North Carolina Dermatology Assoc, PLLC', 'Raleigh ', 'NC', '1', '03/02/09', '', ''),
(1042, 848, 'South Texas Medical Clinic', 'Kingsville ', 'TX', '1', '01/19/09', 'PPM', 'Nancy Powell'),
(1043, 850, 'The Pediatric Clinic', 'Orangeburg ', 'SC', '4', '03/23/09', 'CompuData', 'Nancy Powell'),
(1044, 851, 'Hawthorne Medical Center, LLC', 'Hawthorne ', 'FL', '12', '04/27/09', 'Medical Manager', 'Nancy Powell'),
(1045, 852, 'Felix Morris, MD, LLC', 'Florence ', 'AL', '1', '03/09/09', 'Misys', 'Jayne Ray'),
(1046, 853, 'Brookhaven Surgery Clinic, PA', 'MIssissippi', 'MS', '2', '07/13/09', 'Versyss', 'Jayne Ray'),
(1047, 857, 'Allergy and Asthma Assoc of Weschester', 'Scarsdale ', 'NY', '3', '04/13/09', 'AdvantX', 'Nancy Powell'),
(1048, 858, 'Vero Pediatrics', 'Vero Beach ', 'FL', '2', '', 'Medisoft', 'Jayne Ray'),
(1049, 860, 'Alamo City Medical Group', 'San Antonio ', 'TX', '12', '04/27/09', 'MOMS', 'Nancy Powell'),
(1050, 861, 'Urology Centers of Alabama', 'Homewood', 'AL', '17', '06/01/09', 'MegaWest', 'Ricky Duke'),
(1051, 862, 'Arun Ohri, MD', 'Chicago ', 'IL', '2', '05/11/09', 'Medical Manager', 'Nancy Powell'),
(1052, 864, 'East Cobb Pediatrics and Adolescent Med', 'Marrietta  ', 'GA', '5', '05/04/09', 'Centricity', 'Jayne Ray'),
(1053, 865, 'Somerset Gynecology and Obstetrics', 'Troy ', 'MI', '6', '05/11/09', '', 'Jayne Ray'),
(1054, 866, 'Otolaryngology Assoc of Tennessee', 'Nashville ', 'TN', '6', '04/27/09', 'Medical Manager', 'Nancy Powell'),
(1055, 867, 'Vanderbilt Integrated Providers Mid South', 'Gallatin', 'TN', '16', '09/28/09', 'Enterprise', 'Ricky Duke'),
(1056, 868, 'Grand Rapids Women''s Health', 'Grand Rapids', 'MI', '15', '03/26/09', '', 'Ricky Duke'),
(1057, 869, 'Pediatric Assoc', 'Bellevue ', 'WA', '67', '06/29/09', 'e-Medsys', 'Nancy Powell'),
(1058, 870, 'Ob Gyn Specialists of Lima, Inc.', 'Lima ', 'OH', '5', '03/09/09', 'PCN', 'Nancy Powell'),
(1059, 871, 'Otologic Medical Clinic, Inc.', 'Oklahoma City, ', 'OK', '5', '01/18/10', 'Merlin', 'Ricky Duke'),
(1060, 872, 'Mid Michigan Surgical Specialists', 'Saginaw', 'MI', '6', '06/08/09', 'Misys', 'Ricky Duke'),
(1061, 874, 'Bloomsburg Physician Services', 'Bloomsburg ', 'PA', '20', '03/30/09', 'CPSI', 'Jayne Ray'),
(1062, 876, 'Churchland Ob Gyn', 'Chesapeake ', 'VA', '4', '05/11/09', '', ''),
(1063, 879, 'Panhandle Family Care', 'Marianna', 'FL', '2', '07/20/09', 'HealthProb', 'Ricky Duke'),
(1064, 880, 'Potomac Square Family Medicine', 'Aurora ', 'CO', '11', '04/27/09', 'Provided by Client', 'Nancy Powell'),
(1065, 881, 'Woman''s Health Assoc, PLLC', 'MIssissippi', 'MS', '6', '04/20/09', 'Medical Manager', 'Nancy Powell'),
(1066, 883, 'Premier Surgical', 'Greenwood', 'SC', '2', '06/29/09', 'CompuData', 'Nancy Powell'),
(1067, 884, 'North Scottsdale Women''s Health', 'Alabaster ', 'AL', '2', '03/09/09', '', ''),
(1068, 885, 'Meadowcrest Family Physicians', 'Crystal River ', 'FL', '1', '07/20/09', '', ''),
(1069, 886, 'Beaumont Dermatology and Family Practice', 'Beaumont ', 'TX', '4', '03/23/09', 'Medisoft', 'Nancy Powell');
INSERT INTO `allsites` (`id`, `siteId`, `name`, `city`, `state`, `zip`, `goLiveDate`, `legacySystem`, `specialist`) VALUES
(1070, 887, 'ENT Clinics of San Antonio', 'San Antonio', 'TX', '10', '', 'CMDES', 'Jayne Ray'),
(1071, 888, 'Ob Gyn Assoc, PC', 'Marrietta  ', 'GA', '6', '05/18/09', 'Medical Manager', 'Jayne Ray'),
(1072, 889, 'Cornerstone Properties, II', 'Little Rock ', 'AR', '6', '05/04/09', 'Medical Manager', 'Nancy Powell'),
(1073, 890, 'Valley Oak Pediatric', 'Modesto', 'CA', '', '', 'Medical Manager', 'Jayne Ray'),
(1074, 891, 'Midwest Surgical', 'Wichita', 'KS', '3', '06/22/09', 'Medical Manager', 'Nancy Powell'),
(1075, 893, 'Center for Breast Surgery', '', '', '', '', '', ''),
(1076, 895, 'Enterprise Women Center', 'Enterprise', 'AL', '', '', 'Medisoft', 'Jayne Ray'),
(1077, 896, 'Oak Creek OBGyn', 'Dayton', 'OH', '6', '10/05/09', 'PCN', 'Nancy Powell'),
(1078, 897, 'Charlottesville Family Medicine', 'Charlottesville', 'VA', '5', '08/10/09', 'Medic-PM', 'Nancy Powell'),
(1079, 898, 'Gateway Family Medicine of Travelers Rest', 'Travelers Rest ', 'SC', '3', '06/15/09', 'Compusys', 'Jayne Ray'),
(1080, 899, 'Greenwood Obstetrics & Gynecology', 'Greenwood ', 'SC', '7', '05/18/09', 'Compusys', 'Jayne Ray'),
(1081, 901, 'Heart of Utah', 'Ogden', 'UT', '4', '05/11/09', 'Arcsys', 'Ricky Duke'),
(1082, 902, 'Wiomans Clinic', 'Little Rock ', 'AR', '5', '07/06/09', 'Ridgemark', 'Nancy Powell'),
(1083, 903, 'Paul Larson OBGYN', 'Edina ', 'MN', '7', '07/13/09', 'Cerner Idea', 'Nancy Powell'),
(1084, 904, 'Ga Pain Physicians', 'Atlanta', 'GA', '', '', 'Medcomp', 'Jayne Ray'),
(1085, 905, 'Naples Women''s Center', 'Naples ', 'FL', '4', '07/06/09', 'MedWare', 'Jayne Ray'),
(1086, 907, 'Brookhaven OB/GYN Assoc, PA', 'MIssissippi', 'MS', '4', '05/10/10', '', ''),
(1087, 908, 'Murphy Medical Center', 'Murphy', 'NC', '5', '06/22/09', 'Lytec, Advanced MD, and eClinical', 'Ricky Duke'),
(1088, 909, 'Greenvale Pediatrics', 'Birmingham ', 'AL', '17', '07/27/09', 'ProMed', 'Jayne Ray'),
(1089, 910, 'Children''s Clinic, Ltd.', 'Newport News ', 'VA', '9', '08/10/09', 'Misys Tiger', 'Nancy Powell'),
(1090, 912, 'Breidbart, Schartz, and Fetner', 'Great Neck ', 'NY', '3', '05/18/09', 'Majic', 'Jayne Ray'),
(1091, 913, 'University of West Georgia', 'Carrollton', 'GA', '1', '07/20/09', 'Provided by Client', 'Nancy Powell'),
(1092, 915, 'Mazila Clinic', 'Riverdale', 'GA', '', '', 'Medical Manager', 'Jayne Ray'),
(1093, 916, 'Jose Perez', '', '', '', '', 'Lytec', 'Jayne Ray'),
(1094, 917, 'Rheumatology Consultants', 'Hewlitt', 'NY', '6', '06/29/09', 'PCN', 'Nancy Powell'),
(1095, 918, 'Western Ob Gyn', 'Waconia', 'MN', '7', '11/8/2010', '', ''),
(1096, 920, 'Riverside Spine and Pain Physicians, PL', 'Jasksonville', 'FL', '3', '09/16/09', 'PerfectCare/MD Dictate', 'Ricky Duke'),
(1097, 921, 'Assoc in Ob Gyn, SC', 'Park Ridge ', 'IL', '4', '10/26/09', 'Medical Manager', 'Jayne Ray'),
(1098, 922, 'Associated Valley', 'Renton', 'WA', '', '', 'Medical Manager', 'Jayne Ray'),
(1099, 923, 'All About Children Pediatrics, PA', 'McKinney', 'TX', '4', '08/03/09', 'Centricity', 'Nancy Powell'),
(1100, 924, 'Casco Medical Group, LLC', 'Portland', 'ME', '2', '02/01/10', 'Advanced MD', 'Ricky Duke'),
(1101, 925, 'Lexington Heart', 'West Columbia', 'SC', '6', '10/26/09', 'Misys Tiger', 'Ricky Duke'),
(1102, 927, 'Sawyer Clinic', 'Enterprise', 'AL', '', '', 'ProMed', 'Jayne Ray'),
(1103, 928, 'Pain Management & Rehabilitation Cons', 'Fayetteville  ', 'AR', '1', '07/20/09', 'Medical Manager', 'Jayne Ray'),
(1104, 929, 'Northern Michigan Physical Medicine', 'Petoskey ', 'MI', '1', '08/03/09', '', ''),
(1105, 930, 'Labette Health', 'Parsons', 'KS', '16', '08/24/09', 'Medical Manager', 'Nancy Powell'),
(1106, 931, 'Heart Center of Northern Anne Arundel Cty', 'Glen Burnie', 'MD', '8', '10/12/09', 'Misys Tiger', 'Ricky Duke'),
(1107, 932, 'Specialists In Urology', 'Naples ', 'FL', '18', '08/24/09', '', 'Jayne Ray'),
(1108, 933, 'Women''s Comprehensive Healthcare', 'Hoffman Estates', 'IL', '4', '09/21/09', 'Misys Tiger', 'Nancy Powell'),
(1109, 934, 'Contemporary Ob Gyn Assoc, LLC', 'Rockville', 'MD', '8', '09/14/09', 'Medex Elite', 'Jayne Ray'),
(1110, 935, 'Oasis Medical Center, LLC', 'Eagle', 'ID', '3', '06/22/09', 'Docutap', 'Ricky Duke'),
(1111, 936, 'Little Rock Pediatrics', 'Little Rock ', 'AR', '7', '', 'Medical Manager', 'Jayne Ray'),
(1112, 937, 'Pottsville Internists Assoc', 'Pottsville', 'PA', '16', '10/12/09', 'ADS', 'Jayne Ray'),
(1113, 938, 'Women''s Medical Center', 'Dothan ', 'AL', '7', '10/26/09', 'Medisys', 'Nancy Powell'),
(1114, 939, 'Medical Arts Center', 'Brigham City', 'UT', '4', '07/20/09', 'MedAssist', 'Nancy Powell'),
(1115, 940, 'Physicians to Women', 'Roanoke', 'VA', '10', '02/15/10', '', ''),
(1116, 941, 'Alabama Pain Center, LLC', 'Lake Forest ', 'IL', '4', '09/14/09', 'Advanced MD', 'Jayne Ray'),
(1117, 942, 'Mountainlands Community Health', 'North Provo', 'UT', '5', '09/21/09', 'Medical Manager', 'Jayne Ray'),
(1118, 944, 'Bristol Surgical Assoc, PC', 'Bristol', 'TN', '5', '07/13/09', 'Misys Tiger', 'Jayne Ray'),
(1119, 945, 'Arlington Surgical Assoc, PA', 'Arlington ', 'TX', '6', '10/05/09', 'Lytec', 'Nancy Powell'),
(1120, 948, 'The Center for Women', 'Canfield', 'OH', '5', '09/28/09', 'Med Evolve', 'Nancy Powell'),
(1121, 953, 'Complete Womens Care', 'Virginia Beach', 'VA', '7', '10/12/09', 'Medical Manager', 'Nancy Powell'),
(1122, 954, 'Neurosurgical Specialists', 'Flagstaff ', 'AR', '2', '08/17/09', '', ''),
(1123, 955, 'Pain Control Assoc, PC', 'Voorhees', 'NJ', '3', '08/17/09', 'EBS', 'Nancy Powell'),
(1124, 956, 'Dr. Gloria Martin', 'Alabaster ', 'AL', '2', '01/11/10', 'NueMD', 'Nancy Powell'),
(1125, 958, 'Gafford Family Medicine, PLLC', 'Fayetteville', 'TN', '2', '10/12/09', '', ''),
(1126, 959, 'Southern Eye Specialists', 'Dothan ', 'AL', '1', '09/08/09', 'Lytec', 'Jayne Ray'),
(1127, 960, 'Walterboro Ob Gyn', 'Walterbobo', 'SC', '2', '11/09/09', 'American Medical', 'Jayne Ray'),
(1128, 962, 'Howard Center for Women''s Health', 'Tifton ', 'GA', '2', '11/16/09', 'MicroMD', 'Ricky Duke'),
(1129, 964, 'Internal Medicine Assoc of Taylor County', 'Campbellsville ', 'KY', '4', '11/16/09', '', ''),
(1130, 965, 'The Group for Women', 'Norfolk', 'VA', '9', '11/16/09', 'Medic-PM', 'Nancy Powell'),
(1131, 966, 'University Pain Clinic', 'Detroit', 'MI', '8', '12/14/09', '', ''),
(1132, 967, 'Bi State Medical Consultants', 'St Louis', 'MO', '5', '09/21/09', 'Medical Manager', 'Ricky Duke'),
(1133, 969, 'Columbiana Clinic, LLC', 'Columbiana ', 'AL', '3', '10/12/09', 'ProMed', 'Nancy Powell'),
(1134, 970, 'Redwood Family Dermatology', 'Santa Rosa', 'CA', '4', '11/16/09', 'Medical Manager', 'Ricky Duke'),
(1135, 971, 'Old Farm Obstetrics and Gynecology, LLC', 'Salt Lake City ', 'UT', '5', '09/21/09', 'Advanced MD', 'Nancy Powell'),
(1136, 972, 'Hinsdale Gastroenterology', 'Hinsdale', 'IL', '3', '10/12/09', 'Practice Point', 'Ricky Duke'),
(1137, 973, 'Princeton Pediatrics', 'Lake Forest ', 'IL', '1', '10/26/09', 'MedWare', 'Jayne Ray'),
(1138, 974, 'Livernois Family Medical Center', 'Detroit', 'MI', '1', '11/09/09', 'Medical Manager', 'Jayne Ray'),
(1139, 977, 'Tricounty Surgical Assoc, PA', 'Charleston ', 'SC', '3', '09/28/09', 'CompuData', 'Nancy Powell'),
(1140, 978, 'James M. Hahn, MD', 'Los Angelos ', 'CA', '2', '11/16/09', 'Medisoft', 'Nancy Powell'),
(1141, 979, 'East Flagstaff Family Medicine, Ltd', 'Flagstaff ', 'AR', '2', '11/02/09', 'ProMed', 'Jayne Ray'),
(1142, 980, 'HealthCare Specialist Northwest', 'Portland', 'OR', '7', '11/16/09', 'Medical Manager', 'Jayne Ray'),
(1143, 981, 'Cardiology Assoc of Stuart', 'Stuart ', 'FL', '5', '12/28/09', 'Lytec', 'Nancy Powell'),
(1144, 982, 'Women''s Health Assoc, Inc.', 'Columbia ', 'MO', '12', '11/02/09', '', ''),
(1145, 983, 'Lisa D. Zack, MD, PA', 'Naples ', 'FL', '3', '10/12/09', 'Medic Elite', 'Nancy Powell'),
(1146, 988, 'Lee Internal Medicine', 'Pelham ', 'AL', '1', '11/09/09', 'ProMed', 'Nancy Powell'),
(1147, 989, 'Mountain Region Family Medicine', 'Kingsport ', 'TN', '16', '11/02/09', 'Vision', 'Jayne Ray'),
(1148, 990, 'Thomas N. Kias, MD, PC', 'Athens ', 'GA', '3', '09/28/09', 'CSI Med', 'Ricky Duke'),
(1149, 991, 'C. L. Anderson, Jr., MD, PA', 'Brownsville ', 'TX', '3', '12/07/09', '', ''),
(1150, 992, 'Midwest Sleep Specialists', 'Overland Park', 'KS', '3', '09/28/09', '', ''),
(1151, 994, 'Montgomery Vascular Surgery, PC', 'Montgomery ', 'AL', '3', '12/07/09', '', ''),
(1152, 995, 'Strand Gastrointestinal/Endoscopy Center', 'Myrtle Beach ', 'SC', '4', '01/04/10', 'Misys Tiger', 'Jayne Ray'),
(1153, 996, 'Falany and Hulse Women''s Center', 'Canton ', 'GA', '4', '10/19/09', 'Misys Tiger', 'Jayne Ray'),
(1154, 997, 'Volunteer Medical Group, PC', 'Cookeville', 'TN', '24', '11/16/09', 'Provided by Client', 'Jayne Ray'),
(1155, 1000, 'Columbia Skin Clinic, LLC', 'Columbia ', 'SC', '6', '12/07/09', '', ''),
(1156, 1001, 'Healthcare for Women', 'Arlington ', 'VA', '8', '10/26/09', 'Medical Manager', 'Ricky Duke'),
(1157, 1002, 'Lanier Obstetrics and Gynecology Assoc', 'Gainsville ', 'GA', '4', '11/16/09', 'Provided by Client', 'Jayne Ray'),
(1158, 1003, 'Urology Assoc, PC', 'Grand Rapids ', 'MI', '4', '12/07/09', 'Misys Tiger', 'Ricky Duke'),
(1159, 1004, 'Specialists in Womens Healthcare', 'Connecticut', 'CO', '4', '11/16/09', 'SSIMED', 'Nancy Powell'),
(1160, 1009, 'Ear, Nose & Throat of Springfield', 'Springfield ', 'OH', '3', '12/07/09', 'Provided by Client', 'Jayne Ray'),
(1161, 1010, 'Pulmonary Assoc of S. Arizona, PC', 'Tucson ', 'AR', '9', '12/07/09', 'Centricity', 'Nancy Powell'),
(1162, 1011, 'Ob Gyn Assoc', 'Salt Lake City ', 'UT', '3', '12/07/09', '', 'Ricky Duke'),
(1163, 1012, 'Michael L. Metzger, M.D., P.A.', 'Boynton Beach ', 'FL', '1', '12/07/09', 'Lytec', 'Nancy Powell'),
(1164, 1013, 'Colonial Family Practice', 'Sumter ', 'SC', '8', '01/11/10', 'Misys', 'Ricky Duke'),
(1165, 1014, 'Cardiothoracic and Vascular Surgical Assoc', 'Oak Lawn ', 'IL', '7', '01/04/10', '', ''),
(1166, 1016, 'Women''s Wellness & Healthcare Clinic', 'Laredo ', 'TX', '1', '11/30/09', 'Medisoft', 'Jayne Ray'),
(1167, 1017, 'Dothan Ophthalmology', 'Dothan ', 'AL', '1', '12/14/09', '', ''),
(1168, 1019, 'Philip G. Padgett, AMPC', 'Port Allen', 'LA', '1', '01/01/01', 'Misys (through billing company', ''),
(1169, 1020, 'Valley Womens Health', 'Springfield', 'MA', '11', '05/17/10', '', ''),
(1170, 1021, 'Forest Medical Park', 'Wytheville ', 'VA', '2', '02/15/10', '', ''),
(1171, 1023, 'ENT Assoc, Inc.', 'Chesterfield ', 'MO', '5', '01/25/10', '', ''),
(1172, 1024, 'Maggie DiNome M.D., Inc.', 'Santa Monica ', 'CA', '1', '12/14/09', '', ''),
(1173, 1025, 'Evergreen Pediatric Clinic', 'Vancouver ', 'WA', '10', '02/01/10', 'Medical Manager', 'Ricky Duke'),
(1174, 1026, 'The Women''s Wellness Center', 'Foley ', 'AL', '2', '12/16/09', '', ''),
(1175, 1027, 'Junction ClinicDMC', 'Detroit', 'MI', '3', '03/08/10', 'Genius Solutions', 'Nancy Powell'),
(1176, 1028, 'Valdosta Medical Clinic', 'Valdosta ', 'GA', '13', '02/01/10', 'Medical Manager', 'Ricky Duke'),
(1177, 1029, 'Luis Calo M.D. P.A.', 'Harlingen ', 'TX', '1', '12/16/09', '', ''),
(1178, 1030, 'Associated Obstetricians Gynecologists, SC', 'Chicago', 'IL', '5', '01/18/10', 'Medical Manager', 'Jayne Ray'),
(1179, 1031, 'Welch OB/GYN', 'Cary', 'NC', '1', '01/25/10', 'Allscripts', 'Jayne Ray'),
(1180, 1032, 'Newnan Dermatology', 'Newnan ', 'GA', '4', '01/11/10', 'Provided by Client', 'Matthew'),
(1181, 1033, 'Stoneview Internal Medicine', 'Simpsonville', 'SC', '4', '07/01/15', '', ''),
(1182, 1034, 'Commerce Primary Care, PC', 'Commerce', 'MI', '2', '06/07/10', 'Not Sure', 'Jayne Ray'),
(1183, 1035, 'Edgewood Center Pediatrics', 'Commerce', 'MI', '4', '02/01/10', '', 'Ricky Duke'),
(1184, 1038, 'Women''s Health and Menopause Center', 'West Bloomfield ', 'MI', '8', '01/18/10', 'Medical Manager', 'Nancy Powell'),
(1185, 1039, 'MedeMerge PA', 'Green Brook ', 'NJ', '8', '04/19/10', '', ''),
(1186, 1040, 'Kolbeck, Nabity, Bossert & Simmons OBGYN', 'Omaha', 'NE', '5', '04/05/10', '', ''),
(1187, 1041, 'Center For Women''s Health', 'Fullerton', 'CA', '3', '02/22/10', '', ''),
(1188, 1042, 'Florence Ob/Gyn Associates, PA', 'Florence', 'SC', '3', '07/26/10', 'Allscripts', 'Jayne Ray'),
(1189, 1043, 'South Austin Family Practice', 'Austin', 'TX', '7', '02/04/08', 'N/A', 'Mathew Studdard'),
(1190, 1044, 'Rochester Gynecologic & Obstetrics Assoc', 'Rochester ', 'NY', '10', '03/22/10', '', ''),
(1191, 1045, 'Regional Pediatric Assoc, PA', 'Durham', 'NC', '7', '03/08/10', '', ''),
(1192, 1046, 'Fairview Clinic', 'Dothan', 'AL', '5', '12/31/12', '', 'Nancy Powell'),
(1193, 1047, 'Savannah Neurology Specialists, PC', 'Savannah  or  ', 'GA', '11', '03/01/10', '', ''),
(1194, 1048, 'Rappahannock Family Physicians', 'Lake Forest ', 'IL', '10', '03/08/10', '', ''),
(1195, 1049, 'Alabama Orthopaedic Center, PC', 'Birmingham ', 'AL', '4', '01/11/10', '', ''),
(1196, 1050, 'Russellville Orthopedics', 'Russellville', 'AL', '1', '01/04/10', '', 'Jayne Ray'),
(1197, 1051, 'Northwest ENT and Allergy Center', 'Marietta', 'GA', '4', '06/07/10', 'Misys Tiger', 'Mathew Studdard'),
(1198, 1052, 'Western Surgical Care', 'Denver ', 'CO', '6', '04/05/10', '', ''),
(1199, 1053, 'Treasure Coast ObGyn, P.L.', 'Vero Beach', 'FL', '2', '01/18/10', 'Lytec', 'Nancy Powell'),
(1200, 1054, 'Randolph Primary Care. PA', 'Boone ', 'NC', '3', '01/04/10', '', ''),
(1201, 1055, 'Hammad, Platner & Charles Mays MD, PC', 'Atlanta  or   ', 'GA', '3', '01/20/10', '', ''),
(1202, 1056, 'Advanced ENT', 'Louisville ', 'KY', '7', '03/01/10', '', ''),
(1203, 1057, 'Knox Clinic Pediatrics', 'Wilmington', 'NC', '4', '01/11/10', 'Mediserver-Practice Mgmt', 'Nancy Powell'),
(1204, 1058, 'Thames Urology', 'New London', 'CT', '4', '04/12/10', 'Medical Manager', 'Jayne Ray'),
(1205, 1060, 'Seacoast Cardiology Associates', 'York', 'ME', '12', '05/03/10', 'Medical Manager', 'Nancy Powell'),
(1206, 1061, 'V Palos Medical Group, LLC', 'Palos Heights', 'IL', '7', '01/25/10', '?', 'Mathew Studdard'),
(1207, 1061, 'V Palos Medical Group, LLC', 'Palos Heights', 'IL', '7', '01/25/10', '?', 'Ricky Duke'),
(1208, 1065, 'Premier Ob/Gyn Assoc, LLC', 'Bradenton ', 'FL', '2', '02/17/10', '', ''),
(1209, 1066, 'Verma', '', 'TX', '1', '01/01/10', 'PrimeSuite', 'Nancy Powell'),
(1210, 1068, 'Minneapolis Clinic of Neurology', 'Golden Valley', 'MN', '39', '10/25/10', 'McKession PTM and PSm', 'Mathew Studdard'),
(1211, 1068, 'Minneapolis Clinic of Neurology', 'Golden Valley', 'MN', '39', '05/24/10', 'McKession PTM and PSm', 'Ricky Duke'),
(1212, 1071, 'Milford Ob Gyn', 'Milford', 'MI', '2', '06/21/10', '', 'Jayne Ray'),
(1213, 1075, 'Pacific Orthopaedic Medical Group, Inc.', 'Alhambra', 'CA', '5', '06/28/10', 'NextGen', 'Ricky Duke'),
(1214, 1080, 'Urology Consultants', 'Pueblo', 'CO', '3', '09/19/11', 'Medford Medical', 'Nancy Powell'),
(1215, 1082, 'Midwest Urology, Inc.', 'Cincinnati', 'OH', '6', '05/03/10', 'Misys Tiger and PM', ''),
(1216, 1083, 'Peachtree Dermatology', 'Atlanta', 'GA', '4', '09/13/10', 'Database Inc', 'Mathew Studdard'),
(1217, 1083, 'Peachtree Dermatology', 'Atlanta', 'GA', '4', '09/13/10', '', 'Ricky Duke'),
(1218, 1087, 'Surgical Assoc of South GA PC', 'Moultrie ', 'GA', '3', '03/29/10', '', ''),
(1219, 1088, 'Interventional Cardiology', 'Chattanooga ', 'TN', '2', '03/15/10', '', ''),
(1220, 1090, 'Omaha Ob Gyn Assoc, P.C.', 'Omaha', 'NE', '10', '04/19/10', '', ''),
(1221, 1091, 'Laurrie Murphy Knight, MD', 'Detroit', 'MI', '1', '07/06/10', 'Genius', ''),
(1222, 1093, 'Ob Gyn Assoc of Iowa City', 'All of Iowa  ', 'IA', '5', '05/03/10', '', ''),
(1223, 1094, 'AbsoluteCARE', 'Atlanta ', 'GA', '7', '03/15/10', '', ''),
(1224, 1095, 'Physicians for Women of Greensboro', 'Greensboro', 'NC', '8', '05/17/10', '', 'Ricky Duke'),
(1225, 1097, 'Waccamaw Dermatology n Plastic Surgery', 'Myrtle Beach ', 'SC', '4', '04/19/10', '', ''),
(1226, 1098, 'Medicor Cardiology, P.A.', 'Hillsborough', 'NJ', '12', '07/19/10', 'Medical Manager', 'Mathew Studdard'),
(1227, 1098, 'Medicor Cardiology, P.A.', 'Hillsborough ', 'NJ', '12', '04/12/10', '', ''),
(1228, 1099, 'Cool Springs Internal Medicine and Pediatrics', 'Brentwood', 'TN', '4', '04/26/10', '', ''),
(1229, 1099, 'Cool Springs Internal Medicine and Pediatrics', 'Brentwood ', 'TN', '4', '04/26/10', '', ''),
(1230, 1100, 'Florida Cardiology Group', 'Lake Worth', 'FL', '4', '04/08/19', '', ''),
(1231, 1100, 'Florida Cardiology Group', 'Lake Worth ', 'FL', '4', '05/03/10', '', ''),
(1232, 1102, 'Genesis Ob Gyn', 'Tucson ', 'AR', '24', '04/05/10', '', ''),
(1233, 1103, 'Greensboro Ob Gyn Associates', 'Greensboro', 'NC', '4', '09/27/10', 'Allscripts', 'Nancy Powell'),
(1234, 1104, 'Heart and Vascular Institute', 'Detroit', 'MI', '3', '04/12/10', '', ''),
(1235, 1104, 'Heart and Vascular Institute', 'Detroit', 'MI', '3', '04/12/10', '', ''),
(1236, 1105, 'Cumberland Valley Obstetrics and Gynecology, P.C.', 'Mechanicsburg', 'PA', '4', '05/03/10', '', 'Jayne Ray'),
(1237, 1105, 'Cumberland Valley Obstetrics and Gyn', 'Mechanicsville ', 'PA', '4', '05/03/10', '', ''),
(1238, 1106, 'Kevin B. Browne M.D., P.A.', 'San Antonio ', 'TX', '1', '03/31/10', '', ''),
(1239, 1107, 'Primary Care Physicians of Atlanta, PC', 'Atlanta  or   ', 'GA', '9', '04/12/10', '', ''),
(1240, 1108, 'Professional Medical Center, PC', 'Detroit', 'MI', '5', '06/21/10', 'Medical Manager', 'Mathew Studdard'),
(1241, 1111, 'John K. Jones MD, Inc.', 'Lynwood ', 'CA', '1', '4/12/2010', '', ''),
(1242, 1112, 'Orleans Medical Center', 'Orleans', 'MA', '3', '09/13/10', 'Sage', 'Jayne Ray'),
(1243, 1112, 'Orleans Medical Center', 'Orleans', 'MA', '3', '09/13/10', 'Sage', 'Mathew Studdard'),
(1244, 1115, 'Pulmonology and Sleep Associates of South Jersey, LLC', 'Cherry Hill', 'NJ', '3', '12/13/10', '', 'Nancy Powell'),
(1245, 1118, 'The Columbia Medical Group, P.A.', 'Columbia', 'SC', '7', '05/17/10', '', 'Mathew Studdard'),
(1246, 1119, 'Pediatric Associate of Iowa City and Coralville, LLP', 'Iowa City', 'IA', '11', '05/03/10', 'Medical Manager', 'Mathew Studdard'),
(1247, 1120, 'The Hand Place, LLC', 'North Miami Beach', 'FL', '4', '08/11/01', 'Mysis My Way', ''),
(1248, 1121, 'Alpine Women''s Health', 'Englewood', 'CO', '4', '01/17/11', 'PCN Term (Sage)', 'Jayne Ray'),
(1249, 1128, 'Alaska Neurological Surgery', 'Palmer', 'AK', '1', '05/10/10', 'Centricity PM and EMR; Practice One (older EMR)', ''),
(1250, 1133, 'Cardiovascular Consultants of Nevada, LLP', 'Henderson', 'NV', '20', '08/23/10', 'GEMS - PM and EMR', 'Nancy Powell'),
(1251, 1135, 'Isadore P. Gutwein, MD and Robert A. Sable, MD, PC', 'Bronx', 'NY', '6', '11/16/10', 'Advance Data System', 'Jayne Ray'),
(1252, 1136, 'Gobinder S. Chopra, M.D. & Associates', 'Las Vegas', 'NV', '4', '03/25/37', '', ''),
(1253, 1137, 'TriCity Colorectal Surgery, LTD', 'Gilbert', 'AZ', '5', '06/28/10', 'NextGen', 'Nancy Powell'),
(1254, 1139, 'Ear Nose & Throat Associates of Chester County', 'Exton', 'PA', '5', '02/21/11', '', 'Mathew Studdard'),
(1255, 1139, 'Ear Nose & Throat Associates of Chester County', 'Exton', 'PA', '5', '06/14/10', '', 'Nancy Powell'),
(1256, 1143, 'Effingham Obstetrics and Gynecology Associates', 'Effingham', 'IL', '3', '06/21/10', 'Sage', 'Jayne Ray'),
(1257, 1144, 'Pediatric Adolescent Surgical Associates, P.C.', 'Atlanta', 'GA', '7', '07/20/15', '', ''),
(1258, 1145, 'Pulmonary & Critical Care Specialists, Inc.', 'Maumee', 'OH', '7', '07/06/10', 'Medical Manager', 'Jayne Ray'),
(1259, 1146, 'Jacksonville Beach Pediatric Care Center', 'Jacksonville Beach', 'FL', '3', '08/23/10', 'Advanced MD', 'Mathew Studdard'),
(1260, 1146, 'Jacksonville Beach Pediatric Care Center', 'Jacksonville Beach', 'FL', '3', '08/23/10', 'Advanced MD', 'Nancy Powell'),
(1261, 1147, 'OBGyne Associates of Libertyville', 'Libertyville', 'IL', '4', '07/19/10', 'NextGen', ''),
(1262, 1148, 'Allergy and ENT Associates of Middle Tennessee, PC', 'Hermitage', 'TN', '3', '06/01/10', 'Physicians Ass.', 'Mathew Studdard'),
(1263, 1148, 'Allergy and ENT Associates of Middle Tennessee, PC', 'Hermitage', 'TN', '3', '06/01/10', 'Physicians Ass.', 'Nancy Powell'),
(1264, 1149, 'Digestive and Liver Specialists of Houston', 'Houston', 'TX', '6', '09/13/10', 'Misys Tiger', 'Nancy Powell'),
(1265, 1151, 'Women''s Group of Franklin, PLLC', 'Franklin', 'TN', '5', '08/23/10', 'Mysis', 'Mathew Studdard'),
(1266, 1152, 'OB GYN Associates', 'Cookeville', 'TN', '5', '07/12/10', 'Centricity', 'Mathew Studdard'),
(1267, 1154, 'MedCare Express Management', 'North Charleston', 'SC', '4', '08/16/10', '', 'Mathew Studdard'),
(1268, 1156, 'Urology Specialists Clinic and Surgical Center', 'Sioux Falls', 'SD', '6', '04/25/11', 'Medical Manager', 'Mathew Studdard'),
(1269, 1157, 'Pulmonary Associates', 'Mobile', 'AL', '13', '07/19/10', 'Flexible Package-originally Mysis, bought out by A', 'Jayne Ray'),
(1270, 1159, 'Howell Allen Clinic, PC', 'Nashville', 'TN', '12', '09/27/10', 'Medic PM', 'Ricky Duke'),
(1271, 1164, 'Carrollton Ear, Nose and Throat, P.C.', 'Carrollton', 'GA', '5', '07/12/10', 'THEOS-American Medical', 'Nancy Powell'),
(1272, 1166, 'Rainbow Pediatrics, PA', 'Hendersonville', 'NC', '4', '08/02/10', 'Medical Manager', 'Mathew Studdard'),
(1273, 1168, 'North Georgia Pain Clinic, P.C.', 'Canton', 'GA', '4', '07/05/10', 'Workflow PM (PPM)', 'Mathew Studdard'),
(1274, 1169, 'Hunterdon Orthopaedic Institute', 'Flemington', 'NJ', '8', '12/20/10', 'ChartLogics', 'Ricky Duke'),
(1275, 1170, 'Shoreline Pediatrics', 'Muskegon', 'MI', '2', '07/26/10', 'Sage', 'Jayne Ray'),
(1276, 1171, 'Rock Valley Obstetrics and Gynecology', 'Moline', 'IL', '5', '08/09/10', 'Medical Manager', 'Jayne Ray'),
(1277, 1172, 'Knoxville Pediatric Associates, PC', 'Knoxville', 'TN', '30', '10/11/10', 'Noteworthy', 'Ricky Duke'),
(1278, 1172, 'Knoxville Pediatric Associates, PC', 'Knoxville', 'TN', '30', '10/11/10', 'Noteworthy', 'Mathew Studdard'),
(1279, 1173, 'Children''s Clinic East, PC', 'Hermitage', 'TN', '9', '08/23/10', 'Noteworthy', 'Ricky Duke'),
(1280, 1176, 'Women''s Medical Associates of Nashville, PC', 'Nashville', 'TN', '5', '01/31/11', 'Paradigm', 'Frank Hullender'),
(1281, 1178, 'Coastal Carolinga Otolaryngology', 'Myrtle Beach', 'SC', '3', '08/02/10', '', 'Jayne Ray'),
(1282, 1179, 'Abe W. Friedman, M.D.', 'Pittsburgh', 'PA', '4', '08/02/10', 'GE', 'Mathew Studdard'),
(1283, 1179, 'Abe W. Friedman, M.D.', 'Pittsburgh', 'PA', '4', '08/02/10', 'GE - Centricity', 'Nancy Powell'),
(1284, 1182, 'McIntosh Clinic, PC', 'Thomasville', 'GA', '13', '01/24/11', 'Misys Tiger', 'Ricky Duke'),
(1285, 1183, 'ENT Associates SW, Inc. P.S.', 'Olympia', 'WA', '4', '10/19/09', '', ''),
(1286, 1184, 'Family Medical Center', 'Orlando', 'FL', '5', '10/04/10', '', 'Jayne Ray'),
(1287, 1185, 'Middle Georgia Obstetrics & Gynecology, PC', 'Warner Robins', 'GA', '3', '08/05/15', '', ''),
(1288, 1187, 'Sanitas Medical Group', 'Joliet', 'IL', '1', '08/02/10', '', 'Jayne Ray'),
(1289, 1189, 'Clinica Santa Marta', 'Los Angeles', 'CA', '1', '10/19/09', '', ''),
(1290, 1190, 'Jersey Urology Group', 'Somers Point', 'NJ', '5', '12/13/10', '', 'Jayne Ray'),
(1291, 1191, 'Salim A. Matar, MD, PC', 'Port Jefferson', 'NY', '1', '08/23/10', 'Medical Manager', 'Nancy Powell'),
(1292, 1194, 'Roswell Pediatric Center, P.C.', 'Alpharetta', 'GA', '10', '09/13/10', 'Noteworthy', 'Ricky Duke'),
(1293, 1194, 'Roswell Pediatric Center, P.C.', 'Alpharetta', 'GA', '10', '09/13/10', 'Noteworthy', 'Mathew Studdard'),
(1294, 1195, 'Children''s Medical Associates', 'Ansonia', 'CT', '5', '01/03/11', 'Advantix', 'Nancy Powell'),
(1295, 1198, 'Complete Women''s Care Center', 'Houston', 'TX', '2', '08/16/10', 'Athena', 'Nancy Powell'),
(1296, 1198, 'Complete Women''s Care Center', 'Houston', 'TX', '2', '08/16/10', 'Athena', 'Ricky Duke'),
(1297, 1200, 'CNMRI', 'Dover', 'DE', '9', '01/03/11', '?', 'Mathew Studdard'),
(1298, 1202, 'Huntsville Pediatric Associates, LLC', 'Huntsville', 'AL', '7', '09/27/10', '', 'Ricky Duke'),
(1299, 1203, 'Farmington Hills OBGYN', 'Farmington Hills', 'MI', '7', '08/16/10', 'Med Axis', 'Jayne Ray'),
(1300, 1207, 'ObGyn Specialists of the Palm Beaches', 'West Palm Beach', 'FL', '30', '03/02/11', 'Misys', 'Ricky Duke'),
(1301, 1207, 'ObGyn Specialists of the Palm Beaches', 'West Palm Beach', 'FL', '30', '03/02/11', 'Misys', 'Mathew Studdard'),
(1302, 1208, 'Eric Brown, MD', 'West Bloomfield', 'MI', '1', '08/02/10', '', 'Nancy Powell'),
(1303, 1210, 'Desert Rose ObGyn', 'Mesa', 'AZ', '1', '10/25/10', 'PCN (old Medical Manager)', 'Jayne Ray'),
(1304, 1211, 'Meriweather Internal Medicine', 'Warm Springs', 'GA', '2', '08/09/10', '', ''),
(1305, 1212, 'Broadridge Financial Solutions', 'Edgewood', 'NY', '2', '11/08/10', 'Provided by Client', 'Mathew Studdard'),
(1306, 1213, 'Spartanburg & Pelham OBGYN, PA', 'Spartanburg', 'SC', '4', '10/11/10', 'Medical Manager', 'Jayne Ray'),
(1307, 1214, 'West Side Cardiology', 'Fairview Park', 'OH', '8', '10/18/10', 'PPM', 'Jayne Ray'),
(1308, 1216, 'Mason District Hospital', 'Havana', 'IL', '5', '10/04/10', 'Provided by Client', 'Jayne Ray'),
(1309, 1217, 'The Family Clinic of Crowley, Inc.', 'Crowley', 'LA', '2', '10/25/10', 'Medisoft', 'Nancy Powell'),
(1310, 1218, 'Johnson County Pediatrics, PA', 'Overland Park', 'KS', '8', '09/20/10', 'Centricity', 'Nancy Powell'),
(1311, 1223, 'Metrolina Internal Medicine', 'Charlotte', 'NC', '3', '09/27/10', 'CompuMedic', 'Jayne Ray'),
(1312, 1224, 'Waco Surgical Group', 'Waco', 'TX', '8', '04/11/11', 'Misys Tiger', 'Jayne Ray'),
(1313, 1225, 'West Suburban Women''s Health', 'Willowbrook', 'IL', '4', '02/07/11', 'Misys Tiger', 'Nancy Powell'),
(1314, 1226, 'St. Louis Medical Clinic', 'St. Louis', 'MO', '20', '03/28/11', 'Misys Tiger', 'Jayne Ray'),
(1315, 1228, 'ObGyn Associates of Mid Florida', 'Leesburg', 'FL', '4', '10/11/10', 'Misys Tiger', 'Mathew Studdard'),
(1316, 1229, 'Total Woman Care, LLC', 'Elkin', 'NC', '1', '10/25/10', 'Medisoft', 'Jayne Ray'),
(1317, 1230, 'Suffolk Thoracic Surgery', 'Huntington', 'NY', '3', '10/04/10', '', ''),
(1318, 1232, 'Capitol Region Urological Surgeons, PLLC', 'Albany', 'NY', '13', '12/06/10', 'PerfectCare', 'Jayne Ray'),
(1319, 1233, 'Central Texas OB/GYN Associates, PLLC', 'Austin', 'TX', '30', '02/28/11', 'MIsys Tiger', 'Jayne Ray'),
(1320, 1234, 'Kamran Goudarzi, MD, PA', 'Wilmington', 'NC', '1', '10/04/10', 'Medisoft', 'Jayne Ray'),
(1321, 1236, 'Hackensack Neurology Group', 'Hackensack', 'NJ', '5', '01/03/11', 'PPM', 'Mathew Studdard'),
(1322, 1241, 'Gulf Coast OBGYN, PA', 'Pascagoula', 'MS', '6', '11/08/10', 'ProMed', 'Nancy Powell'),
(1323, 1243, 'Nephrology Associates', 'WinstonSalem', 'NC', '6', '11/08/10', 'Medical Manager', 'Mathew Studdard'),
(1324, 1244, 'Northlake Pulmonary Associates, APMC', 'Covington', 'LA', '5', '11/01/10', 'Ducoware', 'Jayne Ray'),
(1325, 1245, 'Statesboro OB/GYN Specialists, P.C.', 'Statesboro', 'GA', '4', '11/29/10', 'Medical Manager', 'Mathew Studdard'),
(1326, 1246, 'Peninsula Internal Medicine', 'Soldotna', 'AK', '5', '11/29/10', 'Medical Manager', 'Jayne Ray'),
(1327, 1247, 'Consolidated Medical Practices of Memphis', 'Memphis', 'TN', '?', '10/01/10', 'MedEvolve', 'Frank Hullender'),
(1328, 1247, 'Consolidated Medical Practices of Memphis', 'Memphis', 'TN', '?', '10/01/10', 'Intergy', 'Nancy Powell'),
(1329, 1248, 'Cleveland Gastroenterology Associates, PA', 'Shelby', 'NC', '3', '12/06/10', 'Infocure', 'Jayne Ray'),
(1330, 1249, 'Irving Orthopedics & Sports Medicine', 'Irving', 'TX', '7', '12/13/10', 'GE - Centricity', 'Nancy Powell'),
(1331, 1250, 'TriCity Pediatric Cardiology', 'Johnson City', 'TN', '2', '11/29/10', 'GE - Centricity', 'Nancy Powell'),
(1332, 1251, 'Conway Women''s Health Center', 'Conway', 'AR', '4', '12/20/10', 'Edimis', 'Jayne Ray'),
(1333, 1252, 'Lakeside Orthopedic Institute, LLC', 'Lake Havasu City', 'AZ', '4', '11/01/10', 'Sage Intergy', 'Mathew Studdard'),
(1334, 1253, 'Promise Pediatrics', 'Ringgold', 'GA', '2', '11/29/10', 'IDX', 'Mathew Studdard'),
(1335, 1254, 'Eagles Landing OBGYN', 'Stockbridge', 'GA', '7', '01/24/11', 'Medical Manager', 'Jayne Ray'),
(1336, 1256, 'Rettig Family Health Care', 'Groesbeck', 'TX', '3', '01/17/11', 'Allscripts', 'Mathew Studdard'),
(1337, 1257, 'Winchester Women''s Specialists, PC', 'Winchester', 'VA', '4', '01/24/11', '', 'Nancy Powell'),
(1338, 1258, 'San Benito Medical Associates', 'San Benito', 'TX', '11', '01/03/11', 'Medical Manager', 'Jayne Ray'),
(1339, 1259, 'Westridge Family Clinic, P.A.', 'Laurel', 'MS', '2', '01/17/11', 'Medical Manager', 'Jayne Ray'),
(1340, 1260, 'Advanced Vein and Vascular Associates', 'Dallas', 'TX', '?', '10/25/10', '', 'Nancy Powell'),
(1341, 1261, 'Diamond Women''s Center, PA', 'Edina', 'MN', '8', '01/10/11', 'Cerner Powerworks', 'Jayne Ray'),
(1342, 1262, 'Premier Medical', 'Mobile', 'AL', '34', '03/21/11', 'GE', 'Jayne Ray'),
(1343, 1263, 'Central Ohio Surgical Associates, Inc.', 'Columbus', 'OH', '12', '01/03/11', 'Medical Manager', 'Jayne Ray'),
(1344, 1264, 'Purchase Derm ENT, PLLC', 'Paducah', 'KY', '4', '12/13/10', '', 'Jayne Ray'),
(1345, 1265, 'New York Otolaryngology Group', 'New York', 'NY', '8', '02/21/11', 'Complex - Criterion PM', 'Nancy Powell'),
(1346, 1266, 'Caduceus Medical Group and Yorba Linda Family Physicians', 'Yorba Linda', 'CA', '16', '01/17/11', 'Cerner Powerworks', 'Nancy Powell'),
(1347, 1267, 'Palm Coast Surgical Associates, PA', 'Delray Beach', 'FL', '3', '11/15/10', 'Alex PC Systems', 'Jayne Ray'),
(1348, 1268, 'Thomas Carzoli, MD', 'Columbia', 'SC', '1', '12/08/10', 'MedWare', 'Mathew Studdard'),
(1349, 1269, 'Atlanta Clinical Care', 'Atlanta', 'GA', '3', '11/29/10', 'Medical Manager', 'Nancy Powell'),
(1350, 1271, 'Central Carolina Ear, Nose, Throat & Audiology Center, PA', 'Rock Hill', 'SC', '3', '01/17/11', 'Allscripts', 'Mathew Studdard'),
(1351, 1272, 'Siloam Family Health Center, Inc.', 'Nashville', 'TN', '3', '12/20/10', 'MedWare', 'Nancy Powell'),
(1352, 1273, 'Columbus Medical Center', 'Columbus', 'NE', '5', '04/04/11', 'Allscripts', 'Mathew Studdard'),
(1353, 1274, 'Northeast Ohio Orthopedics', 'Warren', 'OH', '3', '02/14/11', 'MicroMD', 'Mathew Studdard'),
(1354, 1277, 'Midwest Acute Care Consultants, PC', 'St. Louis', 'MO', '3', '01/24/11', '', 'Nancy Powell'),
(1355, 1278, 'Highlands Pediatrics, PC', 'Abingdon', 'VA', '4', '01/24/11', '', ''),
(1356, 1279, 'Pinon Hills ENT', 'Farmington', 'NM', '2', '01/05/11', 'Sage Intergy', 'Jayne Ray'),
(1357, 1280, 'Marple Medical Associates', 'Broomall', 'PA', '?', '01/17/11', 'PerfectCare', 'Jayne Ray'),
(1358, 1281, 'Colon and Rectal Specialists', 'Rochester Hills', 'MI', '5', '01/10/11', 'Ridgemark', 'Mathew Studdard'),
(1359, 1282, 'Bay Area Physicians for Women', 'Mobile', 'AL', '?', '03/28/11', 'Medisys', 'Jayne Ray'),
(1360, 1283, 'Aycock, Snell and Willis, PLLC', 'Lawton', 'OK', '3', '02/14/11', 'Misys Tiger', 'Mathew Studdard'),
(1361, 1284, 'Marion Pediatrics', 'Fairhaven', 'MA', '?', '11/29/10', '', ''),
(1362, 1290, 'Internal Medicine of Roanoke, PC', 'Roanoke', 'VA', '?', '02/14/11', '', 'Nancy Powell'),
(1363, 1292, 'Women''s Health Specialists, PLLC', 'Murfreesboro', 'TN', '?', '01/24/11', 'Lytec', 'Mathew Studdard'),
(1364, 1293, 'RVP Investmenets, Inc.', 'Sarasota', 'FL', '18', '01/31/11', 'Apex', 'Mathew Studdard'),
(1365, 1294, 'Associated Surgeons of SLO', 'San Luis Obispo', 'CA', '8', '02/14/11', 'Medical Manager', 'Frank Hullender'),
(1366, 1295, 'Pediatric Associates of Dallas', 'Dallas', 'TX', '12', '02/28/11', 'QSI', 'Frank Hullender'),
(1367, 1296, 'Torrington Winsted Canton Pediatrics', 'Litchfield', 'CT', '3', '01/17/11', '', 'Frank Hullender'),
(1368, 1297, 'Northland Plastic Surgery, PA', 'Duluth', 'MN', '4', '02/21/11', 'Advantage', 'Mathew Studdard'),
(1369, 1298, 'ENT Carolina', 'Gastonia', 'NC', '6', '02/14/11', 'Medical Manager', 'Jayne Ray'),
(1370, 1299, 'True Care Health', 'Elkridge', 'MD', '1', '02/14/11', '', ''),
(1371, 1301, 'Gregory P. Kroeger, MD, PLLC', 'Abilene', 'TX', '1', '02/04/08', '', 'Nancy Powell'),
(1372, 1302, 'Atlanta Prime Med', 'Atlanta', 'GA', '1', '02/16/11', '', 'Frank Hullender'),
(1373, 1303, 'Isbell Medical Group, P.C.', 'Fort Payne', 'AL', '8', '03/21/11', 'Medisys', 'Frank Hullender'),
(1374, 1304, 'Allergy & Asthma Physicians of Central Kentucky', 'Lexington', 'KY', '4', '02/21/11', 'Misys PM', 'Jayne Ray'),
(1375, 1305, 'Pulmonary & Critical Care Specs of N. VA, PC', 'Fairfax', 'VA', '10', '02/07/11', 'Medical Manager', 'Jayne Ray'),
(1376, 1306, 'Southside OB GYN, PC', 'Indianapolis', 'IN', '6', '02/28/11', 'Misys PM', 'Jayne Ray'),
(1377, 1307, 'Mercy Health Services, Inc.', 'Franklin', 'TN', '9', '03/14/11', '', 'Nancy Powell'),
(1378, 1308, 'Ronald S. Berne, MD, SC', 'Chicago', 'IL', '3', '01/24/11', 'Medisoft', 'Ricky Duke'),
(1379, 1309, 'Southern Indiana Pediatrics, PSC', 'Jeffersonville', 'IN', '4', '02/14/11', 'Medical Manager', 'Nancy Powell'),
(1380, 1310, 'Wade Family Physicians', 'Bountiful', 'UT', '2', '02/21/11', 'Management Sciences', 'Jayne Ray'),
(1381, 1311, 'Little Rock Gynecology & Obstetrics, PLLC', 'Little Rock', 'AR', '2', '04/13/11', '', ''),
(1382, 1312, 'Todd A. Moffatt, MD, PA', 'Waco', 'TX', '1', '01/26/11', '', ''),
(1383, 1313, 'Santee Cooper OB/GYN', 'Manning', 'SC', '1', '02/21/11', 'Allscripts', 'Mathew Studdard'),
(1384, 1313, 'Santee Cooper OB/GYN', 'Manning', 'SC', '1', '02/21/11', 'Compusys', 'Nancy Powell'),
(1385, 1314, 'Stuart D. Katchis, M.D., P.C.', 'New York', 'NY', '1', '02/23/11', '', ''),
(1386, 1315, 'Garrett Eye Clinic', 'Corinth', 'MS', '?', '01/24/11', '', ''),
(1387, 1316, 'Integrative Medical Group of Irvine', 'Irvine', 'CA', '4', '03/07/11', 'DNA', 'Frank Hullender'),
(1388, 1317, 'Headache Wellness Center', 'Greensboro', 'NC', '2', '04/25/11', 'Misys Tiger', 'Frank Hullender'),
(1389, 1318, 'Western Kansas Surgical Specialists, PA', 'Great Bend', 'KS', '1', '03/09/11', 'Practice Partner', 'Jayne Ray'),
(1390, 1319, 'Universal Medical Center, PLLC', 'Hollywood', 'FL', '1', '04/20/11', '', ''),
(1391, 1320, 'Vista Del Mar Medical Group', 'Oxnard', 'CA', '7', '04/11/11', 'Avanta - unsuccessful', 'Nancy Powell'),
(1392, 1321, 'Faith Family Medical Clinic, Inc.', 'Nashville', 'TN', '2', '03/07/11', 'Medisoft', 'Mathew Studdard'),
(1393, 1322, 'Grandview Family Medicine', 'Provo', 'UT', '2', '02/21/11', 'Practice Studio', 'Nancy Powell'),
(1394, 1323, 'Huntington Orthopedics Surgical Medical, LLC', 'Pasadena', 'CA', '5', '04/11/11', 'Provided by Client', 'Jayne Ray'),
(1395, 1324, 'Melius, Schurr & Cardwell Physicians for Women', 'Madison', 'WI', '5', '03/07/11', 'Allscripts Enterprise', 'Jayne Ray'),
(1396, 1325, 'Midgarden Family Clinic', 'Park River', 'ND', '1', '03/14/11', '', 'Jayne Ray'),
(1397, 1326, 'Athens Associates in Family Practice', 'Athens', 'GA', '1', '03/14/11', '', 'Nancy Powell'),
(1398, 1327, 'Cache Valley ENT', 'Logan', 'UT', '3', '04/18/11', 'GBS', 'Jayne Ray'),
(1399, 1328, 'Texas Orthopedics, Sports and Rehabilitation Associates, PA', 'Austin', 'TX', '21', '04/04/11', 'Misys Tiger', 'Nancy Powell'),
(1400, 1329, 'Complete Women''s Healthcare', 'Florence', 'SC', '1', '05/11/11', 'Agastha', 'Mathew Studdard'),
(1401, 1329, 'Complete Women''s Healthcare', 'Florence', 'SC', '1', '05/11/11', '', 'Nancy Powell'),
(1402, 1330, 'Visith Prin, MD', 'Moreno Valley', 'CA', '1', '05/11/11', '', ''),
(1403, 1331, 'Orthopaedic Associates of Great Neck', 'Great Neck', 'NY', '5', '02/28/11', 'ADS Medix 2', 'Mathew Studdard'),
(1404, 1332, 'Northside Family Physicians, LTD', 'Springfield', 'OH', '4', '03/14/11', 'Misys Tiger', 'Frank Hullender'),
(1405, 1333, 'Thomasville Family Medicine Center', 'Thomasville', 'GA', '6', '05/16/11', '', 'Nancy Powell'),
(1406, 1334, 'Digestive Disease Specialists, Inc.', 'Oklahoma City', 'OK', '20', '05/02/11', '', ''),
(1407, 1335, 'Indiana Surgical Specialists', 'Fort Wayne', 'IN', '13', '04/04/11', '', 'Mathew Studdard'),
(1408, 1336, 'Montgomery Pediatrics, P.A.', 'Montgomery', 'AL', '3', '03/28/11', 'Medisys', 'Jayne Ray'),
(1409, 1337, 'Laser & Skin Surgery Medical Group', 'Sacramento', 'CA', '5', '03/14/11', 'Medical Manager', 'Frank Hullender'),
(1410, 1338, 'Interior Alaska Orthopedic and Sports Medicine', 'Fairbanks', 'AK', '1', '03/02/11', 'Medisoft', 'Jayne Ray'),
(1411, 1339, 'Mercury Street Medical Group', 'Butte', 'MT', '4', '02/28/11', 'Provided by Client', 'Jayne Ray'),
(1412, 1340, 'Laredo Family Nite Clinic, PA', 'Laredo', 'TX', '1', '02/23/11', '', ''),
(1413, 1341, 'Obstetrics & Gynecology Associates', 'Palestine', 'TX', '3', '04/04/11', 'Medrium', 'Frank Hullender'),
(1414, 1343, 'Troy D. Ivey, DO, PLC', 'Storm Lake', 'IA', '2', '03/30/11', '', ''),
(1415, 1344, 'Associates of Surgery', 'Flower Mound', 'TX', '4', '04/11/11', 'Medtech(Trouble getting Patients)', 'Mathew Studdard'),
(1416, 1345, 'Paseo Family Physicians', 'Glendale', 'AZ', '5', '05/23/11', '', ''),
(1417, 1346, 'Carolina OB GYN', 'Murrells Inlet', 'SC', '5', '05/16/11', '', 'Frank Hullender'),
(1418, 1347, 'Dallas Neurosurgical and Spine', 'Dallas', 'TX', '6', '05/02/11', 'Pulse', 'Jayne Ray'),
(1419, 1348, 'Washington Orthopedics Center', 'Centralia', 'WA', '4', '06/06/11', 'Medical Manager', 'Jayne Ray'),
(1420, 1349, 'Vermont SpineWorks and Rehabilitation, PLLC', 'Middlebury', 'VT', '1', '02/23/11', '', ''),
(1421, 1350, 'Nephrology Associates of Lake County, LLC', 'Mount Dora', 'FL', '2', '04/11/11', '', 'Nancy Powell'),
(1422, 1351, 'Seminole Medical Clinic, LLP', 'Seminole', 'OK', '1', '03/21/11', 'Misys Tiger', 'Frank Hullender'),
(1423, 1352, 'Wilkens Medical Group, LLC', 'Jelico', 'TN', '9', '04/11/11', '', 'Frank Hullender'),
(1424, 1353, 'Sweetgrass Pediatrics', 'Charleston', 'SC', '10', '05/02/11', '', ''),
(1425, 1354, 'Inglewood Family Health', 'Bothel', 'WA', '2', '04/25/11', 'Healthwind', 'Jayne Ray'),
(1426, 1355, 'North Pointe OB/GYN Associates, LLC', 'Cumming', 'GA', '3', '04/04/11', 'Medical Manager', 'Jayne Ray'),
(1427, 1356, 'West Georgia Internal Medicine', 'Carrollton', 'GA', '5', '03/28/11', 'Ridgemark', 'Mathew Studdard'),
(1428, 1357, 'Woodlands Medical Specialists', 'Pensacola', 'FL', '14', '04/18/11', 'Misys Tiger', 'Frank Hullender'),
(1429, 1358, 'Obstetrics and Gynecology Associates', 'Edina', 'MN', '14', '05/02/11', '', ''),
(1430, 1359, 'Oxford Internal Medicine, Inc.', 'Oxford', 'OH', '5', '03/14/11', '?', 'Mathew Studdard'),
(1431, 1360, 'J. Jeffery Cameron, M.D.', 'Chardon', 'OH', '2', '04/25/11', 'MBS', 'Frank Hullender'),
(1432, 1361, 'Midwest Gastrointestinal Associates, P.C.', 'Omaha', 'NE', '17', '03/28/11', 'Medical Manager', 'Mathew Studdard'),
(1433, 1362, 'McComb OB/GYN Associates, PLLC', 'McComb', 'MS', '4', '08/15/11', '', 'Jayne Ray'),
(1434, 1364, 'Center for Pediatric Wellness, P.C.', 'Atlanta', 'GA', '1', '03/16/11', '', ''),
(1435, 1365, 'Associated Obstetrics and Gynecology', 'Bloomfield Hills', 'MI', '5', '03/28/11', 'Practice Partner', 'Frank Hullender'),
(1436, 1366, 'Greg C. Holland, MD', 'Columbus', 'OH', '1', '03/16/11', '', ''),
(1437, 1367, 'Associates in Orthopaedic Surgery', 'South Burlington', 'VT', '5', '05/02/11', '?', 'Mathew Studdard'),
(1438, 1368, 'Princeton and Rutgers Neurology, P.A.', 'Somerset', 'NJ', '7', '05/23/11', '', 'Jayne Ray'),
(1439, 1369, 'Anniston OBGYN Associates, P.C.', 'Anniston', 'AL', '6', '04/04/11', '?', 'Mathew Studdard'),
(1440, 1370, 'Central Arkansas Ear, Nose & Throat, PA', 'Conway', 'AR', '2', '07/11/11', '', 'Frank Hullender'),
(1441, 1371, 'Acadiana Otolaryngology Head & Neck Surgery', 'Lafayette', 'LA', '9', '04/25/11', 'Allscripts  ', 'Jayne Ray'),
(1442, 1372, 'Inlet Cardiopulmonary & Associates, P.A.', 'Murrells Inlet', 'SC', '7', '07/18/11', 'Allscripts', 'Mathew Studdard'),
(1443, 1373, 'Arthrex, Inc.', 'Naples No S', 'FL', '?', '3/16/2010', '', ''),
(1444, 1374, 'Dover Women''s Health', 'Dover', 'NH', '3', '04/25/11', 'McPractice', 'Frank Hullender'),
(1445, 1375, 'Docs  Kidz', 'St. Louis', 'MO', '3', '07/27/11', 'Misys Tiger', 'Frank Hullender'),
(1446, 1376, 'Central Oregon Pediatric Associates', 'Bend', 'OR', '13', '05/02/11', 'Medical Manager', 'Nancy Powell'),
(1447, 1377, 'Associates in Family Medicine', 'Mesa', 'AZ', '3', '07/18/11', '', 'Nancy Powell'),
(1448, 1378, 'Jasper Family Physician, PC', 'Jasper', 'IN', '4', '05/02/11', 'Medical Manager', 'Mathew Studdard'),
(1449, 1379, 'All About Women Obstetrics and Gynecology', 'Shenandoah', 'TX', '3', '05/23/11', '', ''),
(1450, 1381, 'Blue Ridge OBGYN', 'Raleigh', 'NC', '7', '06/20/11', '', 'Jayne Ray'),
(1451, 1382, 'South Carolina OBGYN', 'Columbia', 'SC', '8', '05/09/11', '', 'Frank Hullender'),
(1452, 1383, 'Atlantic Medical Group', 'Jacksonville', 'NC', '1', '04/13/11', 'IMS', 'Jayne Ray'),
(1453, 1385, 'Premier Pain Management', 'Catonsville', 'MD', '3', '04/27/11', '', ''),
(1454, 1386, 'Southeastern Spine Institute', 'Mt. Pleasant', 'SC', '8', '05/09/11', 'Allscripts Professional', 'Jayne Ray'),
(1455, 1387, 'Dallas Otolaryngology Associates', 'Dallas', 'TX', '2', '06/06/11', '', 'Frank Hullender'),
(1456, 1387, 'Dallas Otolaryngology Associates', 'Dallas', 'TX', '2', '10/19/09', '', ''),
(1457, 1388, 'Concord Otolaryngology Head and Neck Surgery', 'Concord', 'NH', '4', '06/13/11', '', 'Ricky Duke'),
(1458, 1389, 'Louisiana Women''s Healthcare Associates', 'Baton Rouge', 'LA', '28', '06/20/11', '', 'Ricky Duke'),
(1459, 1390, 'Capital City Gastro, P.C.', 'Montgomery', 'AL', '3', '05/09/11', '', 'Frank Hullender'),
(1460, 1397, 'The Columbus Clinic, PC', 'Columbus No S', 'GA', '25', '8/1/2011', 'Misys Vision Query', 'Frank Hullender'),
(1461, 1399, 'Eastside Women''s Specialists, PC', 'Birmingham ', 'AL', '1', '5/23/2011', 'ProMed', 'Frank Hullender'),
(1462, 1400, 'Dr. Milton Haber, MD', 'Laredo ', 'TX', '1', '5/31/2011', '', ''),
(1463, 1401, 'West Texas Orthopedics', 'Midland ', 'TX', '7', '7/5/2011', 'medical Manager', 'Frank Hullender'),
(1464, 1403, 'Wayne County Hospital', 'All of Iowa  NO S', 'IA', '3', '5/31/2011', 'Medical Manager', 'Frank Hullender'),
(1465, 1404, 'Georgia Infectious Diseases, P.C.', 'Atlanta  or   No S', 'GA', '3', '5/31/2011', '', ''),
(1466, 1405, 'Phoenix Medical Group', 'Peachtree City No S', 'GA', '1', '5/25/2011', '', ''),
(1467, 1406, 'Pioneer Pediatrics, PLLC', 'McMinnville ', 'TN', '4', '6/13/2011', '', ''),
(1468, 1407, 'David B. Minor, MD, PC', 'Tulsa No S', 'OK', '1', '8/1/2011', 'Misys Tiger', 'Frank Hullender'),
(1469, 1409, 'Upper Cumberland Orthopedic Surgery', 'Cookeville', 'TN', '8', '7/5/2011', '', ''),
(1470, 1411, 'Coastal Neurology Services, NH', '', '', '', '', 'Allscripts', 'Frank Hullender'),
(1471, 1412, 'Coastal ENT', '', '', '', '', 'Centricity', 'Frank Hullender'),
(1472, 1418, 'Renaissance Women''s Center, PA', 'Conway No S', 'AR', '1', '8/29/2011', '', ''),
(1473, 1419, 'Urology Clinic of Winchester', 'Winchester ', 'VA', '5', '1/23/2012', '', ''),
(1474, 1420, 'Cardiology Associates of New Brunswick', '', '', '', '', 'Misys', 'Frank Hullender'),
(1475, 1426, 'Conway OBGYN Clinic, PA', 'Conway No S', 'AR', '6', '6/27/2011', 'Practice Point Manager ', 'Frank Hullender'),
(1476, 1430, 'Pediatric Endocrine Associates', 'Atlanta  or   No S', 'GA', '5', '7/11/2011', '', ''),
(1477, 1431, 'Rockingham Family Physicians', '', '', '', '', 'Misys Tiger', 'Frank Hullender'),
(1478, 1433, 'New Jersey Urology, LLC', 'Bridgewater No S', 'NJ', '45', '1/2/2012', '', ''),
(1479, 1434, 'Tennessee Orthopedics', 'Lebanon ', 'TN', '4', '8/22/2011', 'Misys Tiger', 'Frank Hullender'),
(1480, 1435, 'Life Circle Women''s Healthcare, PC', 'Cleveland ', 'TN', '4', '7/18/2011', '', ''),
(1481, 1437, 'Duneland Nephrology, PC', 'Chesterton no S', 'IN', '3', '8/8/2011', '', ''),
(1482, 1438, 'Jackson OBGYN', 'Jackson ', 'TN', '1', '8/3/2011', 'Jackson Hospital System', 'Frank Hullender'),
(1483, 1440, 'Orlando Neurosurgery, PA', 'Winter Park ', 'FL', '8', '8/1/2011', '', ''),
(1484, 1443, 'Halifax Medical Specialist', '', '', '', '', 'Misys tiger / Query', 'Frank Hullender'),
(1485, 1444, 'Lakeshore Bone and Joint', 'Chesterton no S', 'IN', '17', '2/13/2012', '', ''),
(1486, 1445, 'Anniston Orthopedics', 'Anniston ', 'AL', '6', '8/8/2011', '', ''),
(1487, 1446, 'Southeast Eye Specialists, PLLC', 'Chattanooga ', 'TN', '11', '8/30/2011', '', ''),
(1488, 1447, 'Pinellas Surgical Associates', '', '', '', '', 'Medics Elite (ADS)', 'Frank Hullender'),
(1489, 1448, 'Mission Obstetrics & Gynecology', 'Warren No S', 'MI', '5', '8/29/2011', 'Intergy', 'Frank Hullender'),
(1490, 1449, 'Fulton County Medical Center', 'Alabaster ', 'AL', '3', '12/12/2011', '', ''),
(1491, 1451, 'Neurosurgical Specialists of West County, Inc.', '', '', '', '', 'Medware', 'Frank Hullender'),
(1492, 1453, 'Ear, Nose and Throat Associates of South Eastern CT, PC', 'Connecticut', 'CT', '4', '8/8/2011', '', ''),
(1493, 1455, 'Pulmonary & Medicine of Dayton', 'Miamisburg ', 'OH', '14', '9/27/2011', '', ''),
(1494, 1456, 'Treehouse Pediatrics and Family Care', 'Logan ', 'Utah', '3', '8/8/2011', '', ''),
(1495, 1458, 'Monmouth Cardiology Associates, LLC', 'Neptune No S', 'NJ', '20', '10/3/2011', '', ''),
(1496, 1459, 'Greater Austin Orthopedics', 'Lake Forest No S', 'IL', '4', '9/26/2011', '', ''),
(1497, 1462, 'Anthony Marinelli, MD, SC', 'Oak Lawn No S', 'IL', '3', '8/29/2011', 'Medical Manager', 'Frank Hullender'),
(1498, 1464, 'Northeast Georgia Gastroenterology Associates', 'Athens No S', 'GA', '1', '1/9/2012', '', ''),
(1499, 1465, 'Retina Associates, P.C.', 'Annapolis  No S', 'MD', '7', '1/3/2012', 'SSIMED/Origin', 'Frank Hullender'),
(1500, 1467, 'San Diego Sports Medicine and Family Health Center', 'San Diego No S', 'CA', '10', '10/10/2011', 'Medical Manager', 'Frank Hullender'),
(1501, 1468, 'Meadows Womens Center', '', '', '', '', 'AdvancedMD', 'Frank Hullender'),
(1502, 1470, 'Triad Adult & Pediatric Medicine', 'Greensboro No S', 'NC', '30', '12/5/2011', '', ''),
(1503, 1472, 'Physician Services, PSC', 'Marrietta  NO S', 'GA', '8', '9/9/2011', '', ''),
(1504, 1473, 'ENT Medical Center', 'Baton Rouge  NO S', 'LA', '4', '9/12/2011', 'Medtron', 'Frank Hullender'),
(1505, 1476, 'Northern Virginia Pulmonary & Critical Care Associates, P.C.', '', '', '', '', 'Medical Manager', 'Frank Hullender'),
(1506, 1478, 'West Wilson Family Practice Center, P.C.', 'Mt. Juliet ', 'TN', '3', '10/10/2011', '', ''),
(1507, 1479, 'Blue Ridge Pain Medicine', '', '', '', '', 'Appointment Pro', 'Frank Hullender'),
(1508, 1480, 'Endocrinology Associates, Inc.', 'Roanoke', 'VA', '4', '12/5/2011', 'Misys Tiger', 'Frank Hullender'),
(1509, 1481, 'The Primary Care Group of West Georgia, P.C.', 'Carrollton ', 'GA', '4', '11/14/2011', '', ''),
(1510, 1482, 'Senatobia Children''s Clinic, P.C.', 'MIssissippi', 'MS', '6', '1/9/2012', '', ''),
(1511, 1486, 'Comcare, P.A.', 'Salina ', 'KS', '27', '1/3/2012', 'PDS - Cleint Provided', 'Jason Levinsohn'),
(1512, 1487, 'Town & Country Pediatrics, S.C.', 'Chicago No S', 'IL', '21', '12/5/2011', 'Misys Tiger', 'Frank Hullender'),
(1513, 1488, 'Greenbrier Physicians, Inc.', 'Ronceverte', 'WV', '14', '12/12/2011', '', ''),
(1514, 1489, 'Nebraska Orthopaedic and Sports Medicine, P.C.', 'Lincoln', 'NE', '14', '10/10/2011', '', ''),
(1515, 1490, 'Women''s Care of Mansfield', 'Mansfield', 'OH', '49', '10/10/2011', 'GE GPMS', 'Frank Hullender'),
(1516, 1491, 'Pennsylvania Cardiology Associates, LTD', 'Philadelphia ', 'PA', '15', '10/24/2011', 'PCN', 'Frank Hullender'),
(1517, 1495, 'Middle Tennessee Surgical Specialists', 'Cookeville', 'TN', '4', '10/17/2011', 'G-Mas', 'Jason Levinsohn'),
(1518, 1496, 'Jasper Obstetrics & Gynecology', 'Jeffersonville No S', 'IN', '3', '1/16/2012', 'Medical Manager', 'Frank Hullender'),
(1519, 1497, 'Creekside Women''s Care', 'Charleston ', 'SC', '4', '1/23/2012', '', ''),
(1520, 1500, 'Women''s Center of Athens, P.C.', 'Athens No S', 'GA', '3', '11/7/2011', '', ''),
(1521, 1502, 'Heart and Vascular Center of Bradenton', 'Bradenton ', 'FL', '3', '1/3/2012', '', ''),
(1522, 1503, 'J. Michael West, MD, PC', 'Athens No S', 'GA', '3', '10/17/2011', '', ''),
(1523, 1504, 'New Albany OB/GYN Clinic, P.C.', '', '', '', '', 'medinformatix', 'Frank Hullender'),
(1524, 1505, 'GA Management, Inc.', 'Atlanta  or   No S', 'GA', '4', '10/24/2011', 'Medisoft', 'Jason Levinsohn'),
(1525, 1506, 'Plaza Family Care, PC', 'Hackettstown No S', 'NJ', '8', '11/14/2011', '', ''),
(1526, 1507, 'Dimitry Rabkin MD PC', 'Brooklyn', 'NY', '1', '12/31/2011', 'Medisoft', 'Jason Levinsohn'),
(1527, 1508, 'Pediatric Associates', 'Portsmouth ', 'OH', '22', '11/7/2011', '', ''),
(1528, 1509, 'Premier Orthopaedics and Sports Medicine', 'Nashville ', 'TN', '29', '12/12/2011', '', ''),
(1529, 1510, 'Augusta ENT', 'Fayetteville ', 'GA', '11', '12/19/2011', '', ''),
(1530, 1512, 'Urology Associates of Mobile, LLC', 'Mobile ', 'AL', '7', '12/27/2011', '', ''),
(1531, 1514, 'Allergy, Ear, Nose & Throat Clinic of Greenville', 'Groesbeck ', 'TX', '4', '1/2/2012', 'Mysis', 'Jason Levinsohn'),
(1532, 1515, 'Southern Neurologic & Spinal Institute, PA', 'MIssissippi', 'MS', '5', '1/16/2012', '', ''),
(1533, 1516, 'Beaver Creek Ventures, LLC', 'Dover', 'NH', '10', '1/30/2012', '', ''),
(1534, 1517, 'OBGYN Associates of Des Moines, PLC', 'All of Iowa  NO S', 'IA', '8', '12/12/2011', 'Centricity', 'Jason Levinsohn'),
(1535, 1518, 'Charlotte Eye, Ear, Nose & Throat Associates', 'Charlotte No S', 'NC', '36', '4/2/2012', '', ''),
(1536, 1519, 'Dermatology Specialists of Spokane, PLLC', 'Spokane ', 'WA', '3', '1/9/2012', 'Centricity', 'Jason Levinsohn'),
(1537, 1520, 'Associates in Family Practice, P.A.', 'Idaho', 'ID', '4', '1/16/2012', 'Easyway Pro', 'Frank Hullender'),
(1538, 1521, 'Ringgold County Hospital', 'All of Iowa  NO S', 'IA', '5', '5/21/2012', '', ''),
(1539, 1522, 'Blue Ridge Pulmonary Medicine, P.C.', 'Cleveland ', 'TN', '4', '12/27/2011', 'PCN-Sage', 'Jason levinsohn'),
(1540, 1523, 'Neurological Surgery, P.C.', 'Omaha', 'NE', '3', '1/23/2012', '', ''),
(1541, 1524, 'Red Rocks OBGYN', 'Lakewood ', 'CO', '7', '1/16/2012', '', ''),
(1542, 1525, 'Lewis Clark Edoscopy', 'Idaho', 'ID', '4', '1/23/2012', '', ''),
(1543, 1526, 'Carthage Family Practice Specialists, PC', 'Carthage ', 'TN', '2', '12/27/2011', '', ''),
(1544, 1527, 'Capital Eye Consultants, PC', 'Fairfax ', 'VA', '5', '12/5/2011', 'Centricity', 'Frank Hullender'),
(1545, 1528, 'West Coast Ear, Nose & Throat, Inc.', 'Clearwater ', 'FL', '16', '1/9/2012', '', ''),
(1546, 1529, 'Laurel Ridge Surgical Associates', 'Uniontown ', 'PA', '3', '1/9/2012', '', ''),
(1547, 1532, 'Gary L. Kaye, M.D., P.C.', 'Cherry Hill No S', 'NJ', '2', '1/23/2012', '', ''),
(1548, 1533, 'Surgical Specialists of Michigan, P.C.', 'Troy No S', 'MI', '2', '1/5/2012', 'Allscripts Ntierprise', 'Frank Hullender'),
(1549, 1534, 'Grace OB/GYN, LLC', 'Fairhope ', 'AL', '1', '2/1/2012', '', '');
INSERT INTO `allsites` (`id`, `siteId`, `name`, `city`, `state`, `zip`, `goLiveDate`, `legacySystem`, `specialist`) VALUES
(1550, 1536, 'South Hills ENT Association', 'Bethel Park ', 'PA', '4', '2/20/2012', '', ''),
(1551, 1537, 'Webster City Medical Clinic, Inc.', 'All of Iowa  NO S', 'IA', '4', '2/13/2012', '', ''),
(1552, 1539, 'First Medical Group, Inc.', 'Elizabethtown ', 'TN', '3', '3/13/2012', '', ''),
(1553, 1540, 'Alabama Urology and Robotics', 'Decatur ', 'AL', '3', '1/11/2012', '', ''),
(1554, 1543, 'The Retina Institute, LLC', 'Monroe No S', 'LA', '1', '1/18/2012', '', ''),
(1555, 1546, 'Piedmont Endocrinology', 'Hendersonville No S', 'NC', '3', '1/9/2012', '', ''),
(1556, 1548, 'Salisbury Pediatric Associates, PA', 'Shelby No S', 'NC', '10', '1/9/2012', 'Micro MD', 'Frank Hullender'),
(1557, 1550, 'Senior Friendship Clinics, Inc.', 'Naples No S', 'FL', '25', '1/30/2012', '', ''),
(1558, 1551, 'Manhattan Women''s Health', 'New York ', 'NY', '3', '2/27/2011', '', ''),
(1559, 1552, 'Arlington Orthopedics', 'Arlington ', 'TX', '17', '3/12/2012', '', ''),
(1560, 1553, 'Abington Pediatric Associates', 'Abington ', 'PA', '8', '2/27/2012', '', ''),
(1561, 1554, 'Affiliated Medical Associates, PA', 'Flemington No S', 'NJ', '4', '2/27/2012', '', ''),
(1562, 1555, 'Wilmington Ear, Nose, and Throat Associates, PA', 'Wilmington', 'NC', '4', '3/19/2012', '', ''),
(1563, 1556, 'Clary P. Foote, M.D., P.C.', 'Harriman ', 'TN', '1', '3/14/2012', '', ''),
(1564, 1558, 'Lowell L. McCauley, MD, PC', 'Knoxville ', 'TN', '1', '2/15/2012', '', ''),
(1565, 1559, 'Robert G. Peterson, MD', 'Elkin No S', 'NC', '1', '2/6/2012', '', ''),
(1566, 1560, 'Hartline & Shahbazi Gynecology, PLLC', 'Knoxville ', 'TN', '3', '2/8/2012', 'Centricity', 'Frank Hullender'),
(1567, 1561, 'Lakeside Clinic, LLC', 'Guntersville ', 'AL', '8', '2/27/2012', '', ''),
(1568, 1562, 'Coastal Ear, Nose & Throat Head and Neck Surgery Association', 'MIssissippi', 'MS', '8', '4/2/2012', '', ''),
(1569, 1563, 'Tunica County Healthcare Authority', 'MIssissippi', 'MS', '3', '3/5/2012', '', ''),
(1570, 1564, 'Orthopedic Associates, Ltd.', 'Fishersville ', 'VA', '4', '2/27/2012', '', ''),
(1571, 1565, 'Westside OBGYN Center', 'Boone ', 'NC', '9', '3/12/2012', '', ''),
(1572, 1566, 'Callahan ENT and Facial Plastics, P.C.', 'Enterprise', 'AL', '1', '2/29/2012', '', ''),
(1573, 1567, 'The Northwestern Specialists for Women, LLC', 'Chicago No S', 'IL', '6', '2/27/2012', 'Misys Tiger', 'Frank Hullender'),
(1574, 1568, 'Athens Women''s Clinic, P.C.', 'Athens ', 'TN', '3', '2/27/2012', '', ''),
(1575, 1569, 'The Women''s Group of Northwestern', 'Chicago No S', 'IL', '8', '3/26/2012', '', ''),
(1576, 1570, 'Suburban ENT', 'Aurora  No S', 'IL', '6', '3/26/2012', '', ''),
(1577, 1572, 'Southlake Orthopaedic Sports Medicine & Spine Center, PC', 'Birmingham ', 'AL', '12', '4/16/2012', '', ''),
(1578, 1573, 'Motion Picture and Television Fund', 'Woodland Hills  No S', 'CA', '46', '5/21/2012', '', ''),
(1579, 1574, 'Ohio Sleep Medicine Institute', 'Dublin ', 'OH', '2', '3/14/2012', '', ''),
(1580, 1575, 'Del Puerto Health Care District', 'Pattersonville  No S', 'CA', '3', '2/29/2012', '', ''),
(1581, 1576, 'Lake Shore Obstetrics & Gynecology, LLC', 'Chicago No S', 'IL', '6', '3/26/2012', '', ''),
(1582, 1578, 'North Texas Ear, Nose & Throat Associates', 'Rowlett ', 'TX', '2', '2/29/2012', 'Medi-soft', 'Frank Hullender'),
(1583, 20615, 'Maple Creek Medical, Inc.', '', '', '?', '08/20/10', '', ''),
(1584, 91001, 'Assoc for Womens Med', '', '', '2', '', '', 'Nancy Powell'),
(1585, 91002, 'Chester Co OBGYN', '', '', '', '', '', ''),
(1586, 94001, 'Alan Demby, MD ', '', '', '1', '', '', ''),
(1587, 94004, 'Charleston Internal Medicine', '', '', '', '', '', ''),
(1588, 95001, 'Children''s Clinic of Oxford, PA', 'Oxford', 'MS', '', '', 'TIME (Prov by Vendor)', 'Jayne Ray'),
(1589, 95002, 'Dr Beach', 'Moulton', 'AL', '1', '', 'Medisoft', 'Nancy Powell'),
(1590, 96000, 'Health Choice', 'Memphis', 'TN', '?', '09/15/08', '', ''),
(1591, 96001, 'Oakland Internal Medicine', '', '', '1', '', '', 'Nancy Powell'),
(1592, 96002, 'Assoc:  Ob and Gynecology, P.C.', 'Memphis', 'TN', '', '01/22/07', '', ''),
(1593, 96010, 'Cresthaven Internal Medicine', 'Memphis', 'TN', '?', '09/08/08', '', ''),
(1594, 96012, 'Complete Health Care Center', 'Memphis', 'TN', '?', '12/08/08', '', ''),
(1595, 96013, 'Memphis Internal Medicine', 'Memphis', 'TN', '?', '10/20/08', '', ''),
(1596, 97001, 'George, Conway and Juhl, P.S.C.', 'Louisville', 'Ky', '', '', '', ''),
(1597, 97005, 'Jeffersontown Family Practice', 'Louisville', 'Ky', '', '09/17/07', 'Medical Manager', 'Nancy Powell'),
(1598, 98001, 'Wellspring Family Practice   ', 'Grants Pass', 'OR', '2', '04/09/07', 'ScheduleView', 'Nancy Powell'),
(1599, 98002, 'Sorweide', 'Grants Pass', 'OR', '', '04/23/07', 'Synamed', 'Nancy Powell'),
(1600, 98003, 'Rogue River Family Practice', 'Rogue River', 'OR', '', '05/14/07', 'Medical Manager', 'Nancy Powell'),
(1601, 98004, 'Lisa Callahan', 'Grants Pass', 'OR', '1', '05/14/07', '', 'Nancy Powell'),
(1602, 98005, 'Mountainview', 'Grants Pass', 'OR', '', '05/14/07', 'Medical Manager', 'Nancy Powell'),
(1603, 100000, 'Continucare', 'Miami', 'FL', '', '03/26/07', '', ''),
(1604, 100001, 'Continucare', 'Miami', 'FL', '', '08/06/07', '', ''),
(1605, 101013, 'NJ Brain and Spine Center', 'Hackensack', 'NJ', '6', '', 'Alteer', ''),
(1606, 102001, 'Westridge OBGYN', 'Phoenix', 'AZ', '', '06/25/07', 'Source', 'Nancy Powell'),
(1607, 102002, 'Tatum Highlands', 'Phoenix', 'AZ', '', '06/18/07', 'Lytec', 'Jayne Ray'),
(1608, 102003, 'East Valley Pulmonary', 'Phoenix', 'AZ', '', '', 'Medisoft', 'Nancy Powell'),
(1609, 103001, 'Yeager Family Practice', 'Stayton', 'OR', '2', '', '', ''),
(1610, 103002, 'Aumsville', 'Stayton', 'OR', '2', '01/21/08', 'Provided by Client', 'Nancy Powell'),
(1611, 103003, 'Foster, Fitzpatrick, Jorgenson', 'Stayton', 'OR', '3', '', '', ''),
(1612, 103004, 'Seppala, McGreevey', 'Stayton', 'OR', '2', '', '', ''),
(1613, 103005, 'Santiam Medical Clinic', 'Stayton', 'OR', '1', '01/21/08', 'Provided by Client', 'Nancy Powell'),
(1614, 103006, 'Sublimity', 'Stayton', 'OR', '2', '', '', 'Nancy Powell'),
(1615, 103006, 'Sublimity Medical Clinic', 'Bowling Green ', 'OH', '?', '02/28/08', '', ''),
(1616, 103007, 'Santiam Memorial HospitalNick Stratton, MD', 'Portland', 'OR', '1', '1/16/2012', '', ''),
(1617, 103008, 'Cascade Medical Clinic', 'Portland', 'OR', '2', '1/16/2012', '', ''),
(1618, 104001, 'Internal Medicine of Carrollton', 'Alabaster ', 'AL', '1', '01/02/08', '', 'Ricky Duke'),
(1619, 106001, 'Clermont Internist Assoc', 'Batavia', 'OH', '3', '03/17/08', 'Horizon', 'Nancy Powell'),
(1620, 106002, 'Freibert Ortho and Sports Medicine', 'Cincinnati', 'OH', '14', '', 'Homegrown', 'Ricky Duke'),
(1621, 106102, 'Palos Community Hospital', 'Palos Heights No S', 'IL', '?', '8/22/2011', 'Ehealth', 'Frank Hullender'),
(1622, 106501, 'Mercy Health Partners MMA', 'Cincinnati  .', 'OH', '/', '10/01/08', '', 'Ricky Duke'),
(1623, 107000, 'Women''s Health Network', 'Lenexa', 'KS', '0', '03/10/08', 'Misys', 'Ricky Duke'),
(1624, 107000, 'Women''s Healthcare Network, LLC', 'Alabaster ', 'AL', '0', '03/10/08', 'Misys', 'Ricky Duke'),
(1625, 107001, 'Associated Women''s Care Physicians', 'Cape Girardeau ', 'MO', '?', '03/03/08', 'Misys', 'Ricky Duke'),
(1626, 107002, 'Assoc for Female Care', 'Kansas City', 'KS', '1', '04/16/08', 'Misys', 'Ricky Duke'),
(1627, 107003, 'Myers Fitch Riojas', 'North Kansas City', 'MO', '5', '04/23/08', 'Misys', 'Ricky Duke'),
(1628, 107004, 'Kansas City Women''s Clinic', 'Lenexa', 'KS', '?', '06/09/08', 'Misys', 'Ricky Duke'),
(1629, 107005, 'Kansas City OBGyn', 'Kansas City', 'MO', '4', '05/27/08', 'Lytec', 'Ricky Duke'),
(1630, 107006, 'A Womans Place @ The Clinic for Woemen', 'Kansas City', 'MO', '1', '05/12/08', 'Misys', 'Ricky Duke'),
(1631, 107007, 'Rockhill Women''s Care, Inc.', 'Lenexa', 'KS', '?', '06/16/08', 'Misys', 'Ricky Duke'),
(1632, 107008, 'Midwest Women''s Healthcare, P.C.', 'Lenexa', 'KS', '?', '07/14/08', 'Misys', 'Ricky Duke'),
(1633, 107009, 'Independence Women''s Clinic, Inc.', 'Lenexa', 'KS', '?', '08/06/08', 'Misys', 'Ricky Duke'),
(1634, 108000, 'Campbell County Hospital District', 'Gillette  ', 'WY', '?', '08/25/08', '', ''),
(1635, 108001, 'James Naramore dba Family Health', 'Gillette', 'WY', '2', '', 'Misys and Apex', ''),
(1636, 108002, 'Gillette Internal Medicine', 'Gillette', 'WY', '1', '', 'Misys and Apex', ''),
(1637, 108004, 'Cottonwood Medical', 'Gillette', 'WY', '2', '', 'Misys and Apex', ''),
(1638, 108005, 'Campbell County Hospital District Wright Cl', 'Gillette  ', 'WY', '1', '04/20/09', 'Meditech', 'Nancy Powell'),
(1639, 108006, 'SageBrush ENT', 'Gillette  ', 'WY', '2', '08/25/08', '', ''),
(1640, 108007, 'Orthopaedic Specialists of Wyoming', 'Alabaster ', 'AL', '1', '10/19/09', '', ''),
(1641, 109003, 'Digestive Disease Cons of Yadkin Valley', 'Elkin ', 'NC', '?', '04/13/09', '', ''),
(1642, 109004, 'Hugh Chatham Family', 'Elkin ', 'NC', '', '', 'Provided by Client', 'Jayne Ray'),
(1643, 109005, 'Southwest Virginia Orthopedics', 'Elkin ', 'NC', '1', '04/13/09', 'Medisoft', 'Jayne Ray'),
(1644, 109006, 'Yadkin Pulmonary and Critical Care', 'Elkin ', 'NC', '1', '02/16/09', '', ''),
(1645, 109007, 'Yadkin Valley Dermatology', 'Elkin', 'NC', '1', '07/01/10', 'Provided by Client', 'Jayne Ray'),
(1646, 109008, 'Foothills Family Medicine', 'Elkin', 'NC', '1', '01/10/11', 'Provided by Client', 'Jayne Ray'),
(1647, 109008, 'Foothills Family Medicine', 'Elkin', 'NC', '1', '01/10/11', '', 'Ricky Duke'),
(1648, 110000, 'Twin Lakes Medical Foundation', 'Leitchfield ', 'KY', '15', '05/01/09', 'Medical Manager', 'Jayne Ray'),
(1649, 110001, 'Big Clifty', 'Leitchfield ', 'KY', '1', '08/06/08', '', ''),
(1650, 110003, 'Leichfield Adult Medicine', 'Leitchfield ', 'KY', '?', '02/16/09', '', ''),
(1651, 110004, 'Caneyville Family Practice', 'Leitchfield ', 'KY', '?', '02/16/09', '', ''),
(1652, 110005, 'Twin Lakes Surgical Assoc', 'Leitchfield ', 'KY', '?', '02/16/09', '', ''),
(1653, 110006, 'Twin Lakes ENT', 'Leitchfield ', 'KY', '?', '02/16/09', '', ''),
(1654, 110008, 'Dr. Wendy Lee dba Comp Women''s Care', 'Leitchfield ', 'KY', '?', '02/16/09', '', ''),
(1655, 110009, 'Twin Lakes Orthopedic', 'Leitchfield ', 'KY', '?', '02/16/09', '', ''),
(1656, 110010, 'Center for Orthopedic and Sports Medicine', 'Leitchfield ', 'KY', '?', '02/16/09', '', ''),
(1657, 113001, 'Ft. Gibson Clinic', 'Ft. Gibson ', 'OK', '2', '04/27/09', 'Medical Manager', 'Jayne Ray'),
(1658, 114000, 'Total Long Term Care, Inc.', 'Denver ', 'CO', '10', '05/25/09', 'Provided by Client', 'Jayne Ray'),
(1659, 115001, 'Professional Medical Assoc', 'Enterprise', 'AL', '4', '12/15/08', 'ProMed', 'Nancy Powell'),
(1660, 115002, 'Southeastern ENT, PC', 'Enterprise', 'AL', '3', '03/23/09', 'C & S Research', 'Jayne Ray'),
(1661, 115002, 'Southeastern ENT, PC', 'Enterprise', 'AL', '3', '03/23/09', '', ''),
(1662, 116001, 'Center for Plastic n Reconstructive Surgery', 'Ann Arbor ', 'MI', '4', '05/18/09', 'ProMed', 'Jayne Ray'),
(1663, 116002, 'Chelsea Dermatology', 'East Lansing No S', 'MI', '3', '12/5/2011', 'Lytec', 'Frank Hullender'),
(1664, 117000, 'Bethesda Heathcare System', 'Alabaster ', 'AL', '11', '11/02/09', '', ''),
(1665, 118001, 'Oxford Surgical & Bariatric Clinic, PLLC', 'MIssissippi', 'MS', '1', '03/30/09', '', ''),
(1666, 120002, 'Regional Otolaryngology Head and Neck', 'Woodbury', 'NJ', '14', '11/15/10', '', 'Nancy Powell'),
(1667, 121000, 'Boulder Community Hospital', 'Alabaster ', 'AL', '41', '07/15/10', 'LSS', 'Ricky Duke'),
(1668, 123001, 'Boulder Orthopedics', 'Boulder', 'CO', '7', '01/11/10', '', ''),
(1669, 123002, 'Full Circle Health', 'Longmont', 'CO', '3', '11/09/09', 'Lytec', 'Ricky Duke'),
(1670, 123003, 'Tri County Medical', 'Erie ', 'CO', '1', '02/22/10', 'Advanced MD', 'Mathew Studdard'),
(1671, 125001, 'Poinsett Family Practice', 'Greenville ', 'SC', '3', '01/04/10', 'Misys', 'Jayne Ray'),
(1672, 125003, 'Aiken Center for Urology', 'Aiken ', 'SC', '1', '10/19/2009', '', ''),
(1673, 127000, 'Blount Memorial Hospital, Inc.', 'Alabaster ', 'AL', '31', '01/04/10', 'Misys', 'Jayne Ray'),
(1674, 128001, 'Dr Sandra Marrero & Dr Edmee Soltero', 'Lake Forest ', 'IL', '2', '02/15/10', '', ''),
(1675, 128002, 'Dr. Jose A Collazo', 'Lake Forest ', 'IL', '1', '02/22/10', '', ''),
(1676, 129000, 'High Point PDA', 'Idaho', 'ID', '1', '02/08/10', '', ''),
(1677, 130007, 'Carolina Family Health Centers', 'Winston Salem No S', 'NC', '14', '10/19/2009', '', ''),
(1678, 130008, 'Collin County', 'McKinney', 'TX', '1', '10/19/2009', '', ''),
(1679, 130011, 'Philadelphia FIGHT', 'Philadelphia ', 'PA', '3', '10/19/2009', '', ''),
(1680, 130505, 'Houston Spine and Rehabilitation', 'The Woodlands ', 'TX', '1', '10/19/2009', '', ''),
(1681, 131000, 'Sheridan Memorial Hospital', 'Sheridan ', 'WY', '2', '02/08/10', '', ''),
(1682, 132001, 'McBath Medical Center', 'Dade City ', 'FL', '2', '12/28/09', 'Medical Manager', 'Jayne Ray'),
(1683, 133000, 'South Central Regional Medical Center', 'Alabaster ', 'AL', '20', '06/28/10', '', ''),
(1684, 133005, 'Laurel Bone and Joint', 'Alabaster ', 'AL', '5', '10/19/09', '', 'Ricky Duke'),
(1685, 134000, 'Munroe Regional Medical Center', 'Alabaster ', 'AL', '2', '11/29/2010', '', ''),
(1686, 135001, 'First Care Medical Group', 'Verona', 'NJ', '3', '10/25/10', '', ''),
(1687, 136000, 'Take Care Health Systems', 'Franklin', 'TN', '?', '10/19/09', 'iMedica/Touchworks', 'Ricky Duke'),
(1688, 136000, 'Take Care Health Systems', 'Franklin', 'TN', '?', '10/19/09', 'iMedica', 'Mathew Studdard'),
(1689, 137000, 'Greenville Regional Hospital, Inc.', 'Alabaster ', 'AL', '?', '1/17/2011', '', ''),
(1690, 141003, 'Huron Regional Medical CenterDr. Broz', 'Huron', 'SD', '1', '11/03/10', '', ''),
(1691, 141004, 'Huron Regional Medical Center, Inc.  Ortho Clinic', 'Huron', 'SD', '1', '7/18/2011', '', ''),
(1692, 144001, 'Alice Peck Day Memorial Hospital', 'Lebanon', 'NH', '19', '04/05/11', 'Provided by Client', 'Mathew Studdard'),
(1693, 146000, 'The Bienville Group, LLC', 'Mobile', 'AL', '1', '10/19/09', '', 'Jayne Ray'),
(1694, 147002, 'Lexington Family Medicine', 'Lexington', 'KY', '1', '12/15/10', 'Allscripts', 'Nancy Powell'),
(1695, 148000, 'Pullman Regional Hospital', 'Pullman', 'WA', '1', '03/07/11', 'GE - Centricity', 'Nancy Powell'),
(1696, 148000, 'Pullman Regional Hospital', 'Pullman', 'WA', '1', '03/07/11', '', 'Nancy Powell'),
(1697, 149000, 'LaPorte Regional Physician Network', 'Alabaster ', 'AL', '6', '7/11/2011', '', ''),
(1698, 149001, 'LaPorte', 'LaPorte', 'IN', '39 pract', '03/07/11', 'Cerner Powerworks', 'Nancy Powell'),
(1699, 150002, 'Lowry Pediatrics', 'Denver', 'CO', '2', '03/21/11', 'Med 3000', 'Frank Hullender'),
(1700, 150003, 'Columbine ENT', 'Denver', 'CO', '1', '04/18/11', '', ''),
(1701, 150004, 'Apex Dermatology', 'Littleton', 'CO', '3', '03/21/11', 'Provided by Client', 'Nancy Powell'),
(1702, 150007, 'CG&GD Prof. LLC', 'Grand Junction ', 'CO', '2', '3/16/2010', '', ''),
(1703, 150008, 'Colorado Pulmonary Intensivists', 'Littleton ', 'CO', '8', '3/5/2012', '', ''),
(1704, 151000, 'Tri State Memorial Hospital', 'Clarkston', 'WA', '?', '04/11/11', 'Meditech, Medisoft', 'Nancy Powell'),
(1705, 152001, 'Siskin Hospital for Physical Rehabilitation, Inc.', 'Chattanooga', 'TN', '7', '03/14/11', 'Misys Tiger', 'Jayne Ray'),
(1706, 152501, 'Lewis Clark Endoscopy, PC', 'Idaho', 'ID', '4', '10/19/2009', '', ''),
(1707, 153001, 'Pekin ProHealth, Inc.', 'Pekin', 'IL', '14', '03/28/11', 'Medical manager', 'Frank Hullender'),
(1708, 156000, 'Hardin Memorial Hospital, Inc.', 'Eliabethtown', 'KY', '22', '06/13/11', '', 'Nancy Powell'),
(1709, 156001, 'Hardin Memorial Hospital, Inc.', 'Alabaster ', 'AL', '22', '6/13/2011', 'Medware', 'Frank Hullender'),
(1710, 157001, 'Tanner Medical Group Primary Offices', 'Carrollton', 'GA', '64', '10/19/09', 'Medical Manager, Eclinical Works, LSS, PrimeSuite', 'Jayne Ray'),
(1711, 157002, 'Tanner Medical Group Rural Health', 'Carrollton', 'GA', '?', '10/19/09', '', ''),
(1712, 157003, 'Tanner Medical Group Behavioral Health', 'Carrollton', 'GA', '?', '10/19/09', '', ''),
(1713, 158001, 'Huggins Hospital', 'Wolfeboro', 'NH', '18', '10/03/11', '', 'Nancy Powell'),
(1714, 161001, 'Ernest Lee Hendrix, MD', 'Birmingham ', 'AL', '1', '9/28/2011', '', ''),
(1715, 161003, 'Gordonsville Clinic', 'Nashville ', 'TN', '1', '11/14/2011', '', ''),
(1716, 162000, 'Peterson Regional Medical Center', 'Alabaster ', 'AL', '?', '7/11/2011', '', ''),
(1717, 164001, 'Jeffrey Polito, MD', 'Santa Barbara ', 'CA', '1', '9/26/2011', '', ''),
(1718, 164002, 'Robert Kolarczyk, MD', 'Santa Barbara ', 'CA', '1', '9/26/2011', 'Office Mate', 'Frank Hullender'),
(1719, 164003, 'Children''s Medical Clinic of Santa Barbara', 'Santa Barbara ', 'CA', '5', '10/10/2011', 'pervasive', 'Frank Hullender'),
(1720, 164004, 'Santa Barbara GI', 'Santa Barbara ', 'CA', '3', '10/24/2011', 'Lytec', 'Frank Hullender'),
(1721, 164005, 'Vincent Tubiolo, MD', 'Santa Barbara ', 'CA', '1', '10/10/2011', 'Homegrown', 'Frank Hullender'),
(1722, 164006, 'Dennis H. Baker, MD', 'Santa Barbara ', 'CA', '1', '10/10/2011', 'CLINIXMIS', 'Frank Hullender'),
(1723, 164007, 'Arrhythmia Consultants of the Central Coast Medical Group', 'Santa Barbara ', 'CA', '2', '10/24/2011', 'ACT', 'Frank Hullender'),
(1724, 164008, 'Timothy Leigh Rodgers, M.D.', 'Santa Barbara ', 'CA', '1', '10/24/2011', '', ''),
(1725, 164009, 'Neurology Associates of Santa Barbara', 'Santa Barbara ', 'CA', '3', '11/7/2011', '', ''),
(1726, 164010, 'Orthopedic Surgical Associates', 'Santa Barbara ', 'CA', '3', '12/12/2011', 'Visionary', 'Frank Hullender'),
(1727, 164011, 'Stroke & Neurovascular Center of Central CA', 'Santa Barbara ', 'CA', '2', '11/7/2011', '', ''),
(1728, 164012, 'Urology Specialists of Santa Barbara', 'Santa Barbara ', 'CA', '3', '1/30/2012', 'CLINIXMIS', 'Frank Hullender'),
(1729, 164013, 'Roger Dunham, M.D.', 'Santa Barbara ', 'CA', '1', '1/16/2012', 'Lytec', 'Jason Levinsohn'),
(1730, 164015, 'Paul S. Aijian, M.D.', 'Santa Barbara ', 'CA', '1', '1/16/2012', 'alta Point', 'Frank Hullender'),
(1731, 164016, 'Melony Parent, MD', 'Santa Barbara ', 'CA', '1', '1/30/2012', 'Billing service Accuquik', 'Frank Hullender'),
(1732, 164017, 'Bruce R. Bailey, MD', 'Santa Barbara ', 'CA', '1', '1/23/2012', 'Quick Books', 'Frank Hullender'),
(1733, 164018, 'Steven W. Pearson, MD, Inc.', 'Santa Barbara ', 'CA', '2', '2/27/2012', '', ''),
(1734, 164019, 'William Koonce, MD', 'Santa Barbara ', 'CA', '1', '2/6/2012', '', ''),
(1735, 164020, 'Montecito Geriatric Medical Group', 'Newport Beach No S', 'CA', '1', '2/13/2012', '', ''),
(1736, 164021, 'Santa Barbara Orthopaedic Associates', 'Santa Barbara ', 'CA', '5', '10/19/2009', '', ''),
(1737, 164022, 'John Kunz, MD', 'Santa Barbara ', 'CA', '1', '10/19/2009', '', ''),
(1738, 164023, 'Roberta Sengelmann, MD', 'Santa Barbara ', 'CA', '1', '12/12/2011', '', ''),
(1739, 165000, 'Allied Physicians of California IPA', 'Alhambra ', 'CA', '50', '10/19/2009', '', ''),
(1740, 166000, 'Jersey Shore Hospital', 'Alabaster ', 'AL', '?', '12/12/2011', '', ''),
(1741, 168000, 'Brattleboro Memorial Hospital', 'Brattleboro', 'VT', '18', '10/31/2011', '', ''),
(1742, 169001, 'Boca Care', 'Alabaster ', 'AL', '50', '10/31/2011', '', ''),
(1743, 169002, 'The Rubin Clinic, Inc.', 'Boca Raton ', 'FL', '1', '10/24/2011', '', ''),
(1744, 169003, 'Surgical Associates of Palm Beach County', 'Boca Raton ', 'FL', '13', '11/28/2011', '', ''),
(1745, 169004, 'Michael Falkowitz, M.D.', 'Boca Raton ', 'FL', '1', '12/12/2011', 'edgemed', 'Frank Hullender'),
(1746, 169005, 'Johnson Internal Medicine, Inc.', 'Boca Raton ', 'FL', '1', '11/28/2011', '', ''),
(1747, 169006, 'Nicholas R. Breuer, M.D., P.A.', 'Boca Raton ', 'FL', '2', '12/5/2011', '', ''),
(1748, 169007, 'Raptis Medicine, P.A.', 'Boca Raton ', 'FL', '1', '12/5/2011', '', ''),
(1749, 169008, 'South Florida Kidney Disease & Hypertension Specialists, PA', 'Boca Raton ', 'FL', '4', '12/12/2011', '', ''),
(1750, 169009, 'William A. Sunshine, MD', 'Boca Raton ', 'FL', '3', '12/19/2011', 'LYtec', 'Frank Hullender'),
(1751, 169010, 'Alley & Alley Internal Medicine, P.A.', 'Boca Raton ', 'FL', '2', '12/19/2011', 'LYTEC', 'Frank Hullender'),
(1752, 171001, 'Jonesboro Surgical Associates', 'Alabaster ', 'AL', '6', '1/23/2012', '', ''),
(1753, 171002, 'Garner Family Clinic', 'Palmer', 'AR', '1', '12/5/2011', '', ''),
(1754, 171003, 'Senior Health & Total Life Healthcare', 'Jonesboro', 'WA', '3', '10/19/2009', '', ''),
(1755, 171004, 'Jonesboro Plastic Surgery', 'Helena  No S', 'AR', '1', '10/19/2009', '', ''),
(1756, 172000, 'South County Hospital Healthcare Services', 'Alabaster ', 'AL', '11', '2/6/2012', 'Care Tracker  & Medical Manager', 'Frank Hullender'),
(1757, 174000, 'Community Hospital', 'Tallahassee ', 'AL', '9', '2/13/2012', 'ProMed', 'Frank Hullender'),
(1758, 175001, 'Waco Center for Women''s Health', 'Waco ', 'TX', '8', '2/6/2012', 'CGC System - Proprietary Software - Self Created', 'Jason Levinsohn'),
(1759, 178001, 'IU Health Tipton Hospital', 'Merrillville No S', 'IN', '12', '2/27/2012', '', ''),
(1760, 400002, 'Corinne F. Quinn, MD, PC', 'Lawrenceville ', 'GA', '1', '09/08/08', 'N/A', 'Ricky Duke'),
(1761, 400003, 'West Georgia Urology', 'Carrollton', 'Ga', '', '', 'Medisoft', 'Jayne Ray'),
(1762, 400005, 'Dr. Jennifer Meadows', 'Austn', 'TX', '', '', 'Outlook', 'Jayne Ray'),
(1763, 400006, 'Comprehensive Cardiovascular, PC', 'Howard Beach ', 'NY', '1', '01/15/09', '', ''),
(1764, 400007, 'Rocky Mountain Fertility Center', 'Parker  .%', 'CO', '1', '01/09/09', '', ''),
(1765, 400009, 'Caritas Ob Gyn of Naples', 'Naples ', 'FL', '1', '02/02/09', '', ''),
(1766, 400012, 'Richard Schoor, MD', 'Smithtown ', 'NY', '1', '02/05/09', 'MedWare', 'Nancy Powell'),
(1767, 400013, 'Pain Care, LLC', 'Stockbridge  ', 'GA', '1', '02/23/09', '', ''),
(1768, 400014, 'Michie Medical Clinic', 'Michie ', 'TN', '?', '03/02/09', '', ''),
(1769, 400015, 'Center for Internal Medicine', 'Oak Lawn ', 'IL', '1', '04/06/09', '', ''),
(1770, 400016, 'Meadville Womens Care', 'Meadville ', 'PA', '1', '01/26/09', '', ''),
(1771, 400017, 'Trinity Medical Clinic, LLC', 'Selmer ', 'TN', '1', '03/09/09', '', ''),
(1772, 400019, 'Claire Boccia Liang, MD, PA', 'Morristown ', 'NJ', '1', '04/20/09', '', ''),
(1773, 400020, 'Marc H. Adelman, D.O.', 'Troy ', 'MI', '1', '06/01/09', 'Medaccess', 'Jayne Ray'),
(1774, 400021, 'Clayton D. Wilson, MD', 'Lawrenceburg ', 'TN', '1', '06/01/09', '', ''),
(1775, 400022, 'Mark J. Yurchisin, MD', 'Bowling Green ', 'KY', '1', '07/06/09', '', ''),
(1776, 400023, 'Atlanta Pain and Spine Specialists, LLC', 'Lake Forest ', 'IL', '1', '08/03/09', '', ''),
(1777, 400025, 'Preston Ridge Dermatology, P.C.', 'Alpharetta', 'GA', '2', '03/14/09', 'Database', 'Ricky Duke'),
(1778, 400026, 'Garrett Eye Clinic', 'Lake Forest ', 'IL', '1', '07/20/09', '', ''),
(1779, 400027, 'Barton M. Clements, MD', 'Livingston', 'TN', '1', '08/03/09', '', ''),
(1780, 400028, 'Salud! For Women', 'Casa Grande ', 'AR', '1', '08/17/09', '', ''),
(1781, 400029, 'Proactive Care Medical Group, PA', 'Spring Hill', 'FL', '1', '12/21/09', '', ''),
(1782, 400030, 'Kate Mayes, MD, LLC', 'Lake Forest ', 'IL', '1', '09/28/09', '', ''),
(1783, 400031, 'Pareja Medical Center', 'Chicago ', 'IL', '1', '09/28/09', '', ''),
(1784, 400033, 'Andrew J Shapiro, MD, PA', 'Wellington ', 'FL', '1', '11/02/09', '', ''),
(1785, 400034, 'Fredericksburg Women''s Health Assoc', 'Fredricksburg ', 'VA', '1', '11/09/09', '', ''),
(1786, 400035, 'Wake Forest Dermatology, PC', 'Wake Forest ', 'NC', '1', '12/28/09', '', ''),
(1787, 400036, 'De Shawndranique Gray, MD', 'Dallas ', 'TX', '1', '11/13/09', '', ''),
(1788, 400037, 'National Urgent Care Clinics, LLC', 'Brentwood ', 'TN', '1', '11/09/09', '', ''),
(1789, 400038, 'Valdosta Hypertension Clinic, P.C.', 'Tifton ', 'GA', '1', '11/09/09', '', ''),
(1790, 400039, 'Sinus Institute of San Antonio', 'San Antonio ', 'TX', '1', '12/28/09', '', ''),
(1791, 400040, 'William T. Su, M.D., PA', 'Hagerstown ', 'MD', '1', '12/07/09', 'Provided by Client', 'Jayne Ray'),
(1792, 400041, 'Christina T. Thomas, M.D., PA', 'Melbournve ', 'FL', '1', '12/14/09', 'Lytec', 'Nancy Powell'),
(1793, 400042, 'Heart Care of Southern Mississippi, PLLC', 'MIssissippi', 'MO', '1', '02/02/09', '', ''),
(1794, 400044, 'Advanced Integrative Medicine LLC', 'Plainville ', 'IL', '1', '02/02/09', '', ''),
(1795, 400045, 'Yorkville Internists, SC', 'Yorkville ', 'IL', '1', '02/08/10', '', ''),
(1796, 400046, 'Prattville Primary Care LLC', 'Prattville ', 'AL', '1', '03/15/10', 'Medysis', 'Nancy Powell'),
(1797, 400047, 'TriState Medical Specialists', 'Las Vegas All No S', 'NV', '1', '3/15/2010', '', ''),
(1798, 400048, 'Kansas Surgical Arts', 'Wichita', 'KS', '1', '01/04/10', 'Database Copy from Site 194', 'Jayne Ray'),
(1799, 400049, 'Scott Maurer, M.D.', 'Lake Forest ', 'IL', '1', '02/15/10', '', ''),
(1800, 400050, 'Optima Womens Healthcare, PLLC', 'Parker  .%', 'CO', '1', '2/15/2010', '', ''),
(1801, 400051, 'Blue Water Medical Management', 'Kimball', 'MI', '4', '04/12/10', 'Altapoint - Outside Billing Services', 'Nancy Powell'),
(1802, 400053, 'Simmons Eye Clinic', 'MIssissippi', 'MS', '1', '4/19/2010', '', ''),
(1803, 400057, 'Northern Kentucky University', 'Lake Forest No S', 'IL', '2', '3/15/2010', '', ''),
(1804, 400059, 'Advanced Vision Center', 'Laurel', 'MS', '1', '09/23/10', 'Medisys', 'Nancy Powell'),
(1805, 400060, 'Las Cruces Cardiology', 'Las Cruces ', 'NM', '1', '7/26/2010', '', ''),
(1806, 400061, 'Mid Florida Internal Medicine Associates, P.A.', 'Winter Haven ', 'FL', '1', '6/21/2010', '', ''),
(1807, 400064, 'Francisco J. Cuellar A Professional Medical Center', 'Upland ', 'CA', '1', '6/28/2010', '', ''),
(1808, 400065, 'Lake Country Family Medicine Clinic PA', 'Ft. Worth ', 'TX', '2', '9/7/2010', '', ''),
(1809, 400066, 'Advanced Allergy and Asthma of Northern New York', 'Woodbury ', 'NY', '1', '7/6/2010', '', ''),
(1810, 400067, 'Mid Michigan Surgeons', 'East Lansing', 'MI', '3', '10/11/10', 'Misys Tiger', 'Mathew Studdard'),
(1811, 400068, 'Lake Park Internal Medicine, PA', 'Tampa', 'FL', '1', '09/07/10', 'Medical Manager', 'Jayne Ray'),
(1812, 400070, 'Margaret Huggins, MD', 'Idaho Falls', 'ID', '1', '06/21/10', 'PrimeSuite', 'Nancy Powell'),
(1813, 400071, 'Bridgeport Family Medicine, S.C.', 'Chicago No S', 'IL', '1', '6/28/2010', '', ''),
(1814, 400072, 'Arthrex, Inc.', 'Naples No S', 'FL', '1', '7/19/2010', '', ''),
(1815, 400073, 'Great Lakes Hand Surgery Center', 'Okemos No S', 'MI', '1', '7/6/2010', '', ''),
(1816, 400075, 'Women''s Health Care Center', 'Helena', 'MT', '2', '09/10/10', 'CPU MedMgmt', 'Jayne Ray'),
(1817, 400076, 'Peninsula Surgical Group, PA', 'Salisbury, No S', 'MD', '4', '10/4/2010', '', ''),
(1818, 400079, 'Brooklyn Premier Orthopaedics', 'Brooklyn', 'NY', '4', '02/28/11', 'Dr. Com', 'Ricky Duke'),
(1819, 400080, 'New Britain Pediatrics', 'New Britain', 'CT', '5', '01/24/11', '', 'Nancy Powell'),
(1820, 400082, 'William F. DeLuca, M.D., P.C.', 'Latham ', 'NY', '1', '8/23/2010', '', ''),
(1821, 400084, 'Brookhaven Radiology, PLLC', 'MIssissippi', 'MS', '1', '9/20/2010', '', ''),
(1822, 400085, 'Klapper and DeLuca Pulmonary Associates, P.C.', 'Bronx', 'NY', '3', '6/20/2011', 'Medical Manager', 'Frank Hullender'),
(1823, 400086, 'Rheumatology PC', 'Kalamazoo', 'MI', '3', '12/13/10', 'PCN', 'Mathew Studdard'),
(1824, 400087, 'New England Pediatrics', 'New Caanan', 'CT', '5', '03/07/11', 'Versyss', 'Nancy Powell'),
(1825, 400088, 'Rocky Mount Gynecology and Women''s Health', 'Rocky Mount NO S', 'NC', '3', '10/18/2010', '', ''),
(1826, 400089, 'Savannah Surgery Center', 'Savannah', 'GA', '4', '10/18/10', 'Medical Manager', 'Nancy Powell'),
(1827, 400089, 'Savannah Surgery Center', 'Savannah', 'GA', '4', '10/18/10', '', ''),
(1828, 400090, 'Southwest Surgical Associates', 'Houston', 'TX', '10', '11/08/10', 'EHS', 'Mathew Studdard'),
(1829, 400091, 'Marple Medical Associates', 'Broomall', 'PA', '6', '11/15/10', 'PerfectCare', 'Jayne Ray'),
(1830, 400093, 'Family First of Bay County', 'Panama City ', 'FL', '1', '12/1/2010', '', ''),
(1831, 400094, 'Ronald D. Patrick, M.D.', 'Cedartown No S', 'GA', '1', '10/3/2011', '', ''),
(1832, 400095, 'Elizabeth Tucker, DO, PC', 'Alamogordo ', 'NM', '1', '11/8/2010', '', ''),
(1833, 400097, 'Premier Women''s Healthcare of Abilene', 'Abilene ', 'TX', '1', '1/5/2011', '', ''),
(1834, 400098, 'Clifton Garris, MD', 'Sylacauga No S', 'AL', '1', '12/6/2010', '', ''),
(1835, 400099, 'Mackinnon Medical Center', 'Benson', 'NC', '1', '03/23/11', '', 'Nancy Powell'),
(1836, 400100, 'Associates in Gastroenterology', 'Burlington', 'VT', '2 FT 1 PT', '03/16/10', 'MD Navigator', 'Mathew Studdard'),
(1837, 400101, 'PHS Community Care, LLC', 'Brentwood ', 'TN', '1', '11/24/2010', '', ''),
(1838, 400102, 'Jackson Family Practice', 'North Canton', 'OH', '2', '03/30/11', 'Clinicare', 'Frank Hullender'),
(1839, 400103, 'Halsted Clinic & Breast Center', 'Chandler ', 'AZ', '?', '12/5/2011', '', ''),
(1840, 400105, 'The Women''s Surgery Center', 'Annapolis', 'MD', '3', '02/28/11', 'Medical Mastermind', 'Frank Hullender'),
(1841, 400106, 'Aesthetic and Clinical Dermatology Associates', 'Hinsdale', 'IL', '4', '03/03/11', 'Cerner', 'Frank Hullender'),
(1842, 400107, 'Annapolis Cardiology Consultants', 'Annapolis', 'MD', '2', '03/16/10', '', ''),
(1843, 400108, 'Houston Pain and Spine, PA', 'Houston ', 'TX', '1', '3/16/2010', '', ''),
(1844, 400109, 'Medical Center Ear, Nose & Throat', 'Houston ', 'TX', '3', '7/25/2011', '', ''),
(1845, 400110, 'Total Pain Care, PA', 'Paterson No S', 'NJ', '4', '8/17/2011', '', ''),
(1846, 400111, 'South Palm Beach Nephrology', 'Atlantis', 'FL', '6', '05/02/11', 'Medical Manager', 'Nancy Powell'),
(1847, 400112, 'Philip M. Bretsky, MD, PHD', 'Santa Monica', 'CA', '1', '03/16/10', '', ''),
(1848, 400113, 'Stark County Physicians, LLC', 'Canton ', 'OH', '2', '3/16/2010', 'Homegrown', 'Frank Hullender'),
(1849, 400114, 'Hilltop Pediatrics', 'Richmond', 'CA', '5', '7/18/2011', '', ''),
(1850, 400115, 'Peachtree Pediatrics', 'Murphy No S', 'NC', '3', '8/1/2011', 'Practice Point Manager', 'Frank Hullender'),
(1851, 400116, 'Indus MSO, LLC', 'Porterville No S', 'CA', '3', '8/15/2011', 'Office Hours', 'Jason Levinsohn'),
(1852, 400117, 'Abilene Endocrinology, P.A.', 'Abilene ', 'TX', '2', '7/13/2011', 'MOM', 'Frank Hullender'),
(1853, 400118, 'Digestive Disease Center of New Jersey', 'Somerset No S', 'NJ', '3', '8/17/2011', '', ''),
(1854, 400119, 'Coastal Gastroenterology', 'Hilton Head Island ', 'SC', '1', '8/17/2011', '', ''),
(1855, 400120, 'Mountain Ear Nose and Throat Associates', 'Sylva No S', 'NC', '3', '8/29/2011', '', ''),
(1856, 400121, 'Clarkstown Pulmonary Associates', 'Woodmere ', 'NY', '1', '3/16/2010', '', ''),
(1857, 400122, 'Marvin L. Garcia, M.D., P.A.', 'Smithfield ', 'TX', '1', '10/13/2011', '', ''),
(1858, 400123, 'Rebecca Torres, MD', 'Corona  NO S', 'CA', '1', '11/14/2011', '', ''),
(1859, 400125, 'Piedmont Medical Associates', 'Raleigh No S', 'NC', '1', '11/16/2011', 'EHS', 'Jason Levinsohn'),
(1860, 400126, 'Nephrology Associates of Upland and Pomona', 'Upland ', 'CA', '7', '11/9/2011', 'Medsoft', 'Frank Hullender'),
(1861, 400127, 'Central Arkansas Pain Center, PA', 'Helena  No S', 'AR', '1', '10/26/2011', '', ''),
(1862, 400128, 'Cristina S. Brotea, MD', 'Aurora  No S', 'IL', '1', '10/19/2011', '', ''),
(1863, 400129, 'Churchland Obstetrics and Gynecology, PC', 'Chesapeake ', 'VA', '1', '9/26/2011', '', ''),
(1864, 400130, 'Georgetown Pediatrics, PC', 'Duluth No S', 'GA', '8', '10/31/2011', 'Medical Manager', 'Jason Levinsohn'),
(1865, 400132, 'David A. Wiersama, DO, PLLC', 'Saginaw No S', 'MI', '1', '12/7/2011', 'Medisoft', 'Jason Levinsohn'),
(1866, 400133, 'David Paul Adams, MD', 'Cary ', 'NC', '1', '10/10/2011', 'Athena', 'Jason Levinsohn'),
(1867, 400134, 'Scott Simmons, MD', 'Mexico ', 'MO', '1', '10/5/2011', 'PDS', 'Jason Levinsohn'),
(1868, 400135, 'Steven Krawat, MD, PA', 'East Brunswick No S', 'NJ', '1', '3/16/2010', '', ''),
(1869, 400136, 'Cleveland Ear, Nose, Throat, Inc.', 'Macedonia ', 'OH', '1', '3/16/2010', '', ''),
(1870, 400137, 'Community Lighthouse', 'Albequerque ', 'NM', '1', '12/12/2011', '', ''),
(1871, 400138, 'Leslie S. Gaskill, MD', 'Duluth No S', 'GA', '1', '11/30/2011', 'PCN', 'Frank Hullender'),
(1872, 400139, 'Weng Peng, M.D.', 'Indianapolis No S', 'IN', '1', '11/30/2011', 'Medical manager', 'Jason Levinsohn'),
(1873, 400140, 'PedieKare of Newnan', 'Newnan ', 'GA', '1', '11/7/2011', '', ''),
(1874, 400142, 'East Alabama Allergy and Asthma, PLLC', 'Opelika ', 'AL', '1', '3/16/2010', '', ''),
(1875, 400144, 'Foot & Ankle Specialists of Middle Tennessee', 'Murfreesboro ', 'TN', '2', '1/16/2012', '', ''),
(1876, 400145, 'West County Physicians', 'Springfield', 'MA', '3', '12/7/2011', 'PMS Gold', 'Jason Levinsohn'),
(1877, 400146, 'North Shore Internists Physicians, LLC', 'Effingham No S', 'IL', '2', '2/8/2012', 'LC', 'Jason Levinsohn'),
(1878, 400149, 'Thais Aliabadi, MD', 'Los Angelos No S', 'CA', '1', '3/16/2010', '', ''),
(1879, 400151, 'Dr. Nicholas Patellis', 'Meridianville', 'AL', '1', '2/15/2012', '', ''),
(1880, 400152, 'J. M. Arrunategui, MD, PC', 'East Brunswick No S', 'NJ', '1', '3/19/2012', '', ''),
(1881, 400153, 'Richard Medina, MD, LLC', 'Edison NO S.', 'NJ', '1', '2/27/2012', '', ''),
(1882, 410000, 'Marion County Medical Society', 'Ocala', 'FL', '600', '05/17/10', 'Advanced MD, Medical Manager, MedWare', 'Nancy Powell'),
(1883, 410004, 'Allergy & Asthma Care of Florida, Inc.', 'Ocala', 'FL', '2', '01/17/11', 'Medical Manager', 'Frank Hullender'),
(1884, 410005, 'Ocala Kidney Group, Inc.', 'Ocala', 'FL', '9', '03/28/11', '', ''),
(1885, 410007, 'Center for Comprehensive Palliative Care, LLC', 'Ocala ', 'FL', '2', '12/21/2011', '', ''),
(1886, 420000, 'Community Memorial Healthcenter', 'South Hill', 'VA', '20', '10/04/10', '', 'Nancy Powell'),
(1887, 420001, 'Pain Management Services, LLC', 'South Hill', 'VA', '1', '10/04/10', 'Provided by Client', 'Mathew Studdard'),
(1888, 420002, 'ENT Services, LLC', 'South Hill', 'VA', '1', '10/11/10', 'Provided by Client', 'Mathew Studdard'),
(1889, 420003, 'CMH Women''s Health Services, LLC', 'South Hill', 'VA', '2', '10/25/10', 'Provided by Client', 'Mathew Studdard'),
(1890, 420004, 'Orthopaedic Services, LLC', 'South Hill', 'VA', '5', '11/01/10', 'Provided by Client', 'Mathew Studdard'),
(1891, 420005, 'Surgical Services, LLC', 'South Hill', 'VA', '2', '01/12/11', 'Provided by Client', 'Mathew Studdard'),
(1892, 420006, 'Clarksville Primary Care Center, LLC', 'South Hill', 'VA', '2', '04/18/11', 'Provided by Client', 'Mathew Studdard'),
(1893, 500000, 'New York Regional Extension Center', 'New York ', 'NY', '5', '8/2/2010', '', ''),
(1894, 500001, 'Raymond Yung, MD, PC', 'New York', 'NY', '1', '12/06/10', 'Provided by Client', 'Mathew Studdard'),
(1895, 500002, 'AlphaBetterCare', 'New York ', 'NY', '1', '6/9/2011', '', ''),
(1896, 500003, 'Eric Goldstein, MD', 'New York', 'NY', '2', '05/16/11', 'ADS MedicsPremier', 'Frank Hullender'),
(1897, 500004, 'DeVito and Alvarado Pediatrics, PLLC', 'Brooklyn', 'NY', '6', '12/1/2011', 'Medical Manager', 'Frank Hullender'),
(1898, 500005, 'Barry W. Jaffin, M.D., P.C.', 'New York ', 'NY', '2', '9/21/2011', '', ''),
(1899, 500006, 'Mark B. Lew, MD', 'Brooklyn', 'NY', '3', '2/27/2012', 'Dr. Know', 'Jason Levinsohn'),
(1900, 500007, 'Century Medical Care, PC', 'Rego Park ', 'NY', '1', '12/7/2011', '', ''),
(1901, 501001, 'Wetumpka Family Practice, P.A.', 'Wetumpka ', 'AL', '1', '8/8/2011', '', ''),
(1902, 501002, 'Azalea City Physicians for Women', 'Mobile ', 'AL', '4', '1/9/2012', 'Medisys', 'Jason Levinsohn'),
(1903, 502001, 'Juneau Family Health and Birth Center', 'Juneau', 'AK', '1', '07/25/11', '', 'Jayne Ray'),
(1904, 502002, 'Dr Owen Bell, AK', '', '', '', '', 'Medware', 'Frank Hullender'),
(1905, 502004, 'AA Pain Clinic', 'Anchorage No S', 'AK', '7', '10/24/2011', '', ''),
(1906, 504002, 'Ronald Chochinov, MD, INC', 'Vista  NO S', 'CA', '1', '3/16/2010', '', ''),
(1907, 505001, 'Getzwell Pediatrics, A Medical Corporation', 'San Diego No S', 'CA', '2', '11/2/2011', 'ECW', 'Jason Levinsohn'),
(1908, 505002, 'Cornerstone Family Medical Group', 'Modesto No S', 'CA', '7', '12/12/2011', '', ''),
(1909, 505003, 'Patrick G. Devlin, MD', 'Santa Rosa', 'CA', '1', '3/16/2010', '', ''),
(1910, 505004, 'Healdsburg Cardiology', 'Irvine No S', 'CA', '1', '3/16/2010', '', ''),
(1911, 505005, 'Tomas Vasiliauskas, M.D., FACC', 'Santa Rosa', 'CA', '1', '3/16/2010', '', ''),
(1912, 505006, 'Orangeburg Medical Group', 'Modesto No S', 'CA', '8', '1/23/2012', '', ''),
(1913, 505007, 'Desert Aids Project', 'Pismo Beach  NO S', 'CA', '8', '1/9/2012', '', ''),
(1914, 505009, 'Raymond Poliakin, MD', 'Temecula  NO S', 'CA', '1', '2/13/2012', 'CalMed', 'Jason Levinsohn'),
(1915, 505010, 'Kids Come First Community Clinic', 'Ontario ', 'CA', '2', '10/19/2009', '', ''),
(1916, 508003, 'Western Colorado Lung Center Professional, LLP', 'Grand Junction ', 'CO', '7', '7/18/2011', '', ''),
(1917, 508004, 'Colorado Springs Pulmonary Consultants', 'Colorado Springs ', 'CO', '6', '7/27/2011', '', ''),
(1918, 508005, 'Rocky Mountain Health Centers North, PC', 'Denver ', 'CO', '4', '9/26/2011', 'PPM', 'Frank Hullender'),
(1919, 508006, 'Internal Medicine Associates of Grand Junction', 'Grand Junction ', 'CO', '5', '10/10/2011', '', ''),
(1920, 508008, 'Prowers Medical Group', 'Lamar ', 'CO', '8', '10/24/2011', '', ''),
(1921, 508009, 'Jill S. Kamon, MD, Professional, LLC', 'Boulder ', 'CO', '5', '12/12/2011', 'Medical Manager', 'Frank Hullender'),
(1922, 508010, 'Internal Medicine Specialty Group', 'Pueblo ', 'CO', '6', '11/14/2011', '', ''),
(1923, 508011, 'San Juan Family Medicine, P.C.', 'Pueblo ', 'CO', '3', '11/28/2011', '', ''),
(1924, 508012, 'Southwest Midwives, Inc.', 'Durango ', 'CO', '0', '1/25/2012', '', ''),
(1925, 508013, 'Westside Women''s Care', 'Aurora ', 'CO', '8', '2/28/2012', 'Misys Tiger / Query', 'Frank Hullender'),
(1926, 508014, 'Boulder Women''s Clinic', 'Boulder ', 'CO', '3', '4/16/2012', '', ''),
(1927, 510001, 'Internal Medicine Associates of Westport, P.C.', 'Connecticut', 'CT', '8', '11/14/2011', 'PCN-MENDS', 'Frank Hullender'),
(1928, 510002, 'Midstate Gastroenterology Specialists, P.C.', 'Connecticut', 'CT', '3', '4/16/2012', '', ''),
(1929, 510003, 'Acuity Eye Care', 'Connecticut', 'CT', '3', '1/16/2012', '', ''),
(1930, 510004, 'Integrated Health Services, Inc.', 'Connecticut', 'CT', '1', '10/19/2009', '', ''),
(1931, 510005, 'Crescent Street OBGYN', 'Connecticut', 'CT', '4', '3/16/2010', '', ''),
(1932, 511001, 'Hawaii Ear Clinic, Inc.', 'Aiea', 'HI', '1', '3/16/2010', '', ''),
(1933, 512001, 'North Little Rock Women''s Clinic, P.A.', 'Little Rock No S', 'AR', '4', '11/14/2011', 'PDS-Sage', 'Jason Levinsohn'),
(1934, 513001, 'Metro OBGYN, LLC', 'All of Iowa  NO S', 'IA', '5', '11/7/2011', 'Freedom-Intuition', 'Frank Hullender'),
(1935, 513002, 'Family Medicine, LLP', 'All of Iowa  NO S', 'IA', '2', '11/7/2011', '', ''),
(1936, 513003, 'ObGyn Specialists, P.C.', 'All of Iowa  NO S', 'IA', '4', '3/26/2012', '', ''),
(1937, 513004, 'Floyd Valley Hospital Family Medicine Clinics', 'All of Iowa  NO S', 'IA', '7', '5/14/2012', '', ''),
(1938, 515001, 'Northside OB/Gyn', 'Indianapolis No S', 'IN', '3', '1/23/2012', '', ''),
(1939, 518001, 'Northgate Medical, P.C.', 'Springfield', 'MA', '5', '7/13/2011', '', ''),
(1940, 518002, 'Redwood Pediatric and Adolescent Medicine', '', '', '', '', 'LYTEC', 'Frank Hullender'),
(1941, 518003, 'Springfield Neurology Associates, LLC', 'Springfield', 'MA', '3', '10/31/2011', 'Misys tiger', 'Frank Hullender'),
(1942, 518004, 'Falmouth Pediatric Associates, LLC', 'Fairhaven', 'MA', '3', '12/7/2011', '', ''),
(1943, 519001, 'Susquehanna OB & GYN', 'Catonsville No S', 'MD', '4', '10/31/2011', 'ADS  ', 'Frank Hullender'),
(1944, 519002, 'Women''s Health Specialists of Frederick', 'Elkridge No S', 'MD', '3', '12/27/2011', '', ''),
(1945, 519003, 'Frizzera, Berlin, Collerius, MD, PA', 'Silver Springs  No S', 'MD', '3', '2/13/2012', 'Medical mastermind', 'Frank Hullender'),
(1946, 519005, 'Montgomery Medical Associates, PC', 'Rockville', 'MD', '11', '3/26/2012', '', ''),
(1947, 521001, 'Contemporary OB/GYN', 'Rochester Hills No S', 'MI', '7', '1/9/2012', 'Misys Tiger', 'Frank Hullender'),
(1948, 521002, 'Trestlewood Pediatrics', 'Kalamazoo', 'MI', '4', '4/16/2012', '', ''),
(1949, 522001, 'Madison OB GYN Associates, LLC', 'MIssissippi', 'MS', '2', '3/16/2010', '', ''),
(1950, 522002, 'Family Medical Clinic of North Mississippi', 'MIssissippi', 'MS', '6', '8/22/2011', '', ''),
(1951, 523001, 'Lintecum & Nickell, PC', 'Kansas City ', 'MO', '4', '10/10/2011', '', ''),
(1952, 523002, 'Ironwood Clinical Systems, LLC', 'Kansas City ', 'MO', '8', '2/27/2012', '', ''),
(1953, 523003, 'Metropolitan OBGYN', 'Lees Summit ', 'MO', '4', '4/4/2012', '', ''),
(1954, 525001, 'Douglas Pediatrics Associates, P.C.', 'Douglasville No S', 'GA', '6', '10/10/2011', '', ''),
(1955, 525002, 'Internal Medicine Associates of Middle Georgia, P.C.', 'Lake Forest No S', 'IL', '2', '8/29/2011', '', ''),
(1956, 525003, 'Augusta OB/GYN', 'Augusta  No S', 'GA', '1', '10/5/2011', '', ''),
(1957, 525004, 'Pediatric Health Center of Conyers, P.C.', 'Cumming No S', 'GA', '4', '11/7/2011', '', ''),
(1958, 525005, 'West Augusta Obstetrics & Gynecology, P.C.', 'Augusta  No S', 'GA', '4', '1/3/2012', '', ''),
(1959, 525006, 'Augusta Obstetrics & Gynecology Specialists', 'Augusta  No S', 'GA', '8', '3/26/2012', '', ''),
(1960, 526001, 'Wyoming Otolaryngology, PC', 'Casper No S', 'WY', '3', '11/14/2011', '', ''),
(1961, 526002, 'Cheyenne Orthopaedics', 'Cheyenne No S', 'WY', '5', '12/12/2011', 'Misys tiger', 'Frank Hullender'),
(1962, 528001, 'Nebraska Internal Medicine, P.C.', 'Lincoln', 'NE', '5', '5/16/2011', '', ''),
(1963, 528002, 'Prairie Creek Family Medicine', 'Stromsburg', 'NE', '2', '6/20/2011', '', ''),
(1964, 530002, 'Southern Tier Pediatrics, PC', 'Elmira ', 'NY', '9', '4/2/2012', '', ''),
(1965, 531001, 'Garrison Women''s Health Center', 'Dover', 'NH', '5', '2/6/2012', 'Centricity', 'Frank Hullender'),
(1966, 531002, 'Women''s Health Associates, P.A.', 'Portsmouth', 'NH', '3', '3/12/2012', '', ''),
(1967, 532001, 'Fesss Family Healthcare', 'Las Cruces ', 'NM', '1', '6/20/2011', '', ''),
(1968, 532002, 'New Beginnings OB/GYN', 'Las Cruces ', 'NM', '1', '8/17/2011', '', ''),
(1969, 532003, 'Anasazi Medical Associates, P.A.', 'Santa Fe', 'NM', '5', '2/6/2012', '', ''),
(1970, 533002, 'Riverton Healthcare for Women', 'Riverton ', 'UT', '0', '11/14/2011', '', ''),
(1971, 533003, 'Southern Utah Womens', 'St. George ', 'UT', '5', '2/13/2012', '', ''),
(1972, 533004, 'David Broadbent, M.D.', 'Provo', 'UT', '1', '3/7/2012', '', ''),
(1973, 535002, 'Cleveland Kidney and Hypertension Consultants', 'Euclid ', 'OH', '3', '9/1/2011', '', ''),
(1974, 535007, 'Ohio Women''s Health & Wellness Center, LLC', 'Dayton ', 'OH', '1', '11/30/2011', '', ''),
(1975, 535008, 'Canton Women''s Center', 'Canton ', 'OH', '2', '12/7/2011', '', ''),
(1976, 535009, 'Mann Family Care, LTD', 'Hamilton ', 'OH', '2', '3/16/2010', '', ''),
(1977, 535010, 'Alliance Obstetrics', 'Bucyrus ', 'OH', '3', '2/1/2012', '', ''),
(1978, 535011, 'Marion OB/GYN', 'Mason ', 'OH', '1', '12/14/2011', '', ''),
(1979, 535012, 'Alliance for Women''s Health', 'Lima ', 'OH', '3', '2/13/2012', '', ''),
(1980, 535013, 'West Oakland OB/GYN', 'Farmington Hills No S', 'MI', '1', '4/4/2012', '', ''),
(1981, 536001, 'Watonga Family Care', '', '', '', '', 'Medassist', 'Frank Hullender'),
(1982, 536002, 'PMS Enterprises', 'Oklahoma City No S', 'OK', '1', '8/17/2011', '', ''),
(1983, 538001, 'Risa Nielson, MD', 'Christiansted', 'VI', '1', '2/15/2012', '', ''),
(1984, 541001, 'Pioneer Medical Associats', 'Meadville ', 'PA', '8', '2/15/2012', 'medisoft', 'Frank Hullender'),
(1985, 547001, 'Logan Family Medicine, LLC', 'Dayton ', 'TN', '1', '8/31/2011', 'Medisoft', 'Frank Hullender'),
(1986, 547002, 'Savannah Medical Center, PC', 'Savannah ', 'TN', '1', '11/7/2011', '', ''),
(1987, 547003, 'Sewanee Pediatrics', 'Sewanee ', 'TN', '2', '3/16/2010', 'Athena', 'Jason Levinsohn'),
(1988, 548001, 'Four Seasons OB/GYN, MD, PA', 'San Antonio ', 'TX', '2', '8/29/2011', 'Sage Intergy', 'Jason levinsohn'),
(1989, 548002, 'Satir and Satir, PA', 'Edinburg ', 'TX', '2', '10/12/2011', '', ''),
(1990, 548003, 'Yolanda Marcos, MD, PA', 'San Antonio ', 'TX', '1', '3/16/2010', '', ''),
(1991, 548004, 'Red River Family Practice, LLP', 'Austin ', 'TX', '5', '12/19/2011', 'Advanced MD', 'Frank Hullender'),
(1992, 548006, 'South Texas Medical Associates', 'Corpus Christi ', 'TX', '1', '3/21/2012', '', ''),
(1993, 549001, 'Burleson Family Medical Center', 'Burleson ', 'TX', '4', '6/27/2011', '', ''),
(1994, 550001, 'Eastside Total Healthcare, LLC', 'El Paso ', 'TX', '2', '6/22/2011', '', ''),
(1995, 550002, 'Abilene Family Medical Associates, LLP', 'Abilene ', 'TX', '4', '12/5/2011', 'Medical manager', 'Jason Levinsohn'),
(1996, 555001, 'Laredo Pediatrics and Neontaology', 'Laredo ', 'TX', '1', '5/31/2011', '', ''),
(1997, 555002, 'Plaza OBGYN Associates', 'Houston ', 'TX', '4', '7/25/2011', '', ''),
(1998, 555003, 'Advantage Women''s Care, PA', 'Houston ', 'TX', '2', '8/29/2011', '', ''),
(1999, 555004, 'Northwest Diagnostic Clinic, PA', 'Houston ', 'TX', '22', '2/1/2012', '', ''),
(2000, 558001, 'Village', 'Seattle ', 'WA', '5', '1/2/2012', 'Advanced MD', 'Jason Levinsohn'),
(2001, 558002, 'Family Home Care Corporation', 'Liberty Lake ', 'WA', '1', '1/3/2012', 'The Wizard', 'Frank Hullender'),
(2002, 560001, 'The Poser Clinic', 'Columbus ', 'WI', '2', '11/9/2011', 'Medical Manager', 'Frank Hullender');

-- --------------------------------------------------------

--
-- Table structure for table `clearinghouse`
--

CREATE TABLE IF NOT EXISTS `clearinghouse` (
  `id` int(10) unsigned NOT NULL AUTO_INCREMENT,
  `name` varchar(50) CHARACTER SET utf8 COLLATE utf8_unicode_ci NOT NULL,
  PRIMARY KEY (`id`),
  UNIQUE KEY `name` (`name`)
) ENGINE=InnoDB  DEFAULT CHARSET=latin1 AUTO_INCREMENT=4 ;

--
-- Dumping data for table `clearinghouse`
--

INSERT INTO `clearinghouse` (`id`, `name`) VALUES
(1, 'Gateway'),
(2, 'Navicure'),
(3, 'RealMed'),
(0, 'Unknown');

-- --------------------------------------------------------

--
-- Table structure for table `legacysystem`
--

CREATE TABLE IF NOT EXISTS `legacysystem` (
  `id` int(10) unsigned NOT NULL AUTO_INCREMENT,
  `name` varchar(100) CHARACTER SET utf8 COLLATE utf8_unicode_ci NOT NULL,
  `notes` text CHARACTER SET utf8 COLLATE utf8_unicode_ci NOT NULL,
  PRIMARY KEY (`id`),
  UNIQUE KEY `name` (`name`)
) ENGINE=InnoDB  DEFAULT CHARSET=latin1 AUTO_INCREMENT=19 ;

--
-- Dumping data for table `legacysystem`
--

INSERT INTO `legacysystem` (`id`, `name`, `notes`) VALUES
(1, 'Not Entered', ''),
(2, 'Medisoft', '<p class=\\"MsoNormal\\" style=\\"color: rgb(0, 0, 0); font-family: tahoma, arial, verdana, sans-serif; font-size: 12px; \\"><span style=\\"font-size: 10pt; font-family: Tahoma, sans-serif; \\">Start</span><span style=\\"font-size: 10pt; \\"><font face=\\"tahoma, arial, verdana, sans-serif\\">-&gt;</font></span><span style=\\"font-size: 10pt; font-family: Tahoma, sans-serif; \\">Programs</span><span style=\\"font-size: 10pt; \\"><font face=\\"tahoma, arial, verdana, sans-serif\\">-&gt;</font></span><span style=\\"font-size: 10pt; font-family: Tahoma, sans-serif; \\">Medisoft</span></p>\\n\\n<p class=\\"MsoNormal\\" style=\\"color: rgb(0, 0, 0); font-size: 12px; font-family: tahoma, arial, verdana, sans-serif; \\"><span style=\\"font-size:10.0pt;font-family:&quot;Tahoma&quot;,&quot;sans-serif&quot;\\"><o:p>&nbsp;</o:p></span></p>\\n\\n<p class=\\"MsoNormal\\" style=\\"color: rgb(0, 0, 0); font-size: 12px; font-family: tahoma, arial, verdana, sans-serif; \\"><b><u><span style=\\"font-size:10.0pt;font-family:&quot;Tahoma&quot;,&quot;sans-serif&quot;\\">Master File Listings\\n<o:p></o:p></span></u></b></p>\\n\\n<p class=\\"MsoNormal\\" style=\\"color: rgb(0, 0, 0); font-size: 12px; font-family: tahoma, arial, verdana, sans-serif; \\"><span style=\\"font-size:10.0pt;font-family:&quot;Tahoma&quot;,&quot;sans-serif&quot;\\">&nbsp;&nbsp;&nbsp;&nbsp;&nbsp;&nbsp;&nbsp;&nbsp;&nbsp;&nbsp;&nbsp; Lists Icon<o:p></o:p></span></p>\\n\\n<p class=\\"MsoNormal\\" style=\\"color: rgb(0, 0, 0); font-family: tahoma, arial, verdana, sans-serif; font-size: 12px; \\"><span style=\\"font-size: 10pt; font-family: Tahoma, sans-serif; \\">&nbsp; &nbsp; &nbsp; &nbsp; &nbsp; &nbsp; </span><span style=\\"font-size: 10pt; \\"><font face=\\"tahoma, arial, verdana, sans-serif\\">-&gt;</font></span><span style=\\"font-size: 10pt; font-family: Tahoma, sans-serif; \\">Procedures/Payments/Adjustments<o:p></o:p></span></p>\\n\\n<p class=\\"MsoNormal\\" style=\\"color: rgb(0, 0, 0); font-family: tahoma, arial, verdana, sans-serif; font-size: 12px; \\"><span style=\\"font-size: 10pt; font-family: Tahoma, sans-serif; \\">&nbsp; &nbsp; &nbsp; &nbsp; &nbsp; &nbsp; </span><span style=\\"font-size: 10pt; \\"><font face=\\"tahoma, arial, verdana, sans-serif\\">-&gt;</font></span><span style=\\"font-size: 10pt; font-family: Tahoma, sans-serif; \\">Insurance Carriers<o:p></o:p></span></p>\\n\\n<p class=\\"MsoNormal\\" style=\\"color: rgb(0, 0, 0); font-family: tahoma, arial, verdana, sans-serif; font-size: 12px; \\"><span style=\\"font-size: 10pt; font-family: Tahoma, sans-serif; \\">&nbsp; &nbsp; &nbsp; &nbsp; &nbsp; &nbsp; </span><span style=\\"font-size: 10pt; \\"><font face=\\"tahoma, arial, verdana, sans-serif\\">-&gt;</font></span><span style=\\"font-size: 10pt; font-family: Tahoma, sans-serif; \\">Referring Provider<o:p></o:p></span></p>\\n\\n<p class=\\"MsoNormal\\" style=\\"color: rgb(0, 0, 0); font-size: 12px; font-family: tahoma, arial, verdana, sans-serif; text-indent: 0.5in; \\"><span style=\\"font-size:10.0pt;\\nfont-family:&quot;Tahoma&quot;,&quot;sans-serif&quot;\\">Click Print Grid for What to Print Option?<o:p></o:p></span></p>\\n\\n<p class=\\"MsoNormal\\" style=\\"color: rgb(0, 0, 0); font-size: 12px; font-family: tahoma, arial, verdana, sans-serif; \\"><span style=\\"font-size:10.0pt;font-family:&quot;Tahoma&quot;,&quot;sans-serif&quot;\\">&nbsp;&nbsp;&nbsp;&nbsp;&nbsp;&nbsp;&nbsp;&nbsp;&nbsp;&nbsp;&nbsp; Choose fields for report<o:p></o:p></span></p>\\n\\n<p class=\\"MsoNormal\\" style=\\"color: rgb(0, 0, 0); font-size: 12px; font-family: tahoma, arial, verdana, sans-serif; \\"><span style=\\"font-size:10.0pt;font-family:&quot;Tahoma&quot;,&quot;sans-serif&quot;\\">&nbsp;&nbsp;&nbsp;&nbsp;&nbsp;&nbsp;&nbsp;&nbsp;&nbsp;&nbsp;&nbsp; Click Landscape <o:p></o:p></span></p>\\n\\n<p class=\\"MsoNormal\\" style=\\"color: rgb(0, 0, 0); font-size: 12px; font-family: tahoma, arial, verdana, sans-serif; \\"><span style=\\"font-size:10.0pt;font-family:&quot;Tahoma&quot;,&quot;sans-serif&quot;\\">&nbsp;&nbsp;&nbsp;&nbsp;&nbsp;&nbsp;&nbsp;&nbsp;&nbsp;&nbsp;&nbsp; Click OK<o:p></o:p></span></p>\\n\\n<p class=\\"MsoNormal\\" style=\\"color: rgb(0, 0, 0); font-size: 12px; font-family: tahoma, arial, verdana, sans-serif; \\"><span style=\\"font-size:10.0pt;font-family:&quot;Tahoma&quot;,&quot;sans-serif&quot;\\">&nbsp;&nbsp;&nbsp;&nbsp;&nbsp;&nbsp;&nbsp;&nbsp;&nbsp;&nbsp;&nbsp; Print Options:&nbsp; Preview, Print, <u>Export to File</u>***<o:p></o:p></span></p>\\n\\n<p class=\\"MsoNormal\\" style=\\"color: rgb(0, 0, 0); font-size: 12px; font-family: tahoma, arial, verdana, sans-serif; \\"><span style=\\"font-size:10.0pt;font-family:&quot;Tahoma&quot;,&quot;sans-serif&quot;\\"><o:p>&nbsp;</o:p></span></p>\\n\\n<p class=\\"MsoNormal\\" style=\\"color: rgb(0, 0, 0); font-size: 12px; font-family: tahoma, arial, verdana, sans-serif; \\"><b><u><span style=\\"font-size:10.0pt;font-family:&quot;Tahoma&quot;,&quot;sans-serif&quot;\\">Patient Information<o:p></o:p></span></u></b></p>\\n\\n<p class=\\"MsoNormal\\" style=\\"color: rgb(0, 0, 0); font-size: 12px; font-family: tahoma, arial, verdana, sans-serif; \\"><span style=\\"font-size:10.0pt;font-family:&quot;Tahoma&quot;,&quot;sans-serif&quot;\\">&nbsp;&nbsp;&nbsp;&nbsp;&nbsp;&nbsp;&nbsp;&nbsp;&nbsp;&nbsp;&nbsp; Lists Icon<o:p></o:p></span></p>\\n\\n<p class=\\"MsoNormal\\" style=\\"color: rgb(0, 0, 0); font-family: tahoma, arial, verdana, sans-serif; font-size: 12px; \\"><span style=\\"font-size: 10pt; font-family: Tahoma, sans-serif; \\">&nbsp; &nbsp; &nbsp; &nbsp; &nbsp; &nbsp; </span><span style=\\"font-size: 10pt; \\"><font face=\\"tahoma, arial, verdana, sans-serif\\">-&gt;</font></span><span style=\\"font-size: 10pt; font-family: Tahoma, sans-serif; \\">Patient<o:p></o:p></span></p>\\n\\n<p class=\\"MsoNormal\\" style=\\"color: rgb(0, 0, 0); font-size: 12px; font-family: tahoma, arial, verdana, sans-serif; text-indent: 0.5in; \\"><span style=\\"font-size:10.0pt;\\nfont-family:&quot;Tahoma&quot;,&quot;sans-serif&quot;\\">Click Print Grid for What to Print Option?<o:p></o:p></span></p>\\n\\n<p class=\\"MsoNormal\\" style=\\"color: rgb(0, 0, 0); font-size: 12px; font-family: tahoma, arial, verdana, sans-serif; \\"><span style=\\"font-size:10.0pt;font-family:&quot;Tahoma&quot;,&quot;sans-serif&quot;\\">&nbsp;&nbsp;&nbsp;&nbsp;&nbsp;&nbsp;&nbsp;&nbsp;&nbsp;&nbsp;&nbsp; Choose fields for report<o:p></o:p></span></p>\\n\\n<p class=\\"MsoNormal\\" style=\\"color: rgb(0, 0, 0); font-size: 12px; font-family: tahoma, arial, verdana, sans-serif; \\"><span style=\\"font-size:10.0pt;font-family:&quot;Tahoma&quot;,&quot;sans-serif&quot;\\">&nbsp;&nbsp;&nbsp;&nbsp;&nbsp;&nbsp;&nbsp;&nbsp;&nbsp;&nbsp;&nbsp; Click Landscape <o:p></o:p></span></p>\\n\\n<p class=\\"MsoNormal\\" style=\\"color: rgb(0, 0, 0); font-size: 12px; font-family: tahoma, arial, verdana, sans-serif; \\"><span style=\\"font-size:10.0pt;font-family:&quot;Tahoma&quot;,&quot;sans-serif&quot;\\">&nbsp;&nbsp;&nbsp;&nbsp;&nbsp;&nbsp;&nbsp;&nbsp;&nbsp;&nbsp;&nbsp; Click OK<o:p></o:p></span></p>\\n\\n<p class=\\"MsoNormal\\" style=\\"color: rgb(0, 0, 0); font-size: 12px; font-family: tahoma, arial, verdana, sans-serif; \\"><span style=\\"font-size:10.0pt;font-family:&quot;Tahoma&quot;,&quot;sans-serif&quot;\\">&nbsp;&nbsp;&nbsp;&nbsp;&nbsp;&nbsp;&nbsp;&nbsp;&nbsp;&nbsp;&nbsp; Print Options:&nbsp; Preview, Print, <u>Export to File</u>***<o:p></o:p></span></p>\\n\\n<br><br><p class=\\"MsoNormal\\" style=\\"color: rgb(0, 0, 0); \\"><b style=\\"font-family: tahoma, arial, verdana, sans-serif; font-size: 12px; \\"><u><span style=\\"font-size:10.0pt;font-family:&quot;Tahoma&quot;,&quot;sans-serif&quot;\\">Appointments</span></u></b></p>\\n\\n<p class=\\"MsoNormal\\" style=\\"color: rgb(0, 0, 0); font-size: 12px; font-family: tahoma, arial, verdana, sans-serif; \\"><span style=\\"font-size:10.0pt;font-family:&quot;Tahoma&quot;,&quot;sans-serif&quot;\\">Appointments\\nare located within Office Hours and not the Main Application<b><u><o:p></o:p></u></b></span></p>\\n\\n<p class=\\"MsoNormal\\" style=\\"color: rgb(0, 0, 0); font-family: tahoma, arial, verdana, sans-serif; font-size: 12px; \\"><span style=\\"font-size: 10pt; font-family: Tahoma, sans-serif; \\">Start</span><span style=\\"font-size: 10pt; \\"><font face=\\"tahoma, arial, verdana, sans-serif\\">-&gt;</font></span><span style=\\"font-size: 10pt; font-family: Tahoma, sans-serif; \\">Programs</span><span style=\\"font-size: 10pt; \\"><font face=\\"tahoma, arial, verdana, sans-serif\\">-&gt;</font></span><span style=\\"font-size: 10pt; font-family: Tahoma, sans-serif; \\">Medisoft</span><span style=\\"font-size: 10pt; \\"><font face=\\"tahoma, arial, verdana, sans-serif\\">-&gt;</font></span><span style=\\"font-size: 10pt; font-family: Tahoma, sans-serif; \\">Office Hours<o:p></o:p></span></p>\\n\\n<p class=\\"MsoNormal\\" style=\\"color: rgb(0, 0, 0); font-family: tahoma, arial, verdana, sans-serif; font-size: 12px; \\"><b style=\\"font-family: tahoma, arial, verdana, sans-serif; font-size: 12px; \\"><u><span style=\\"font-size:10.0pt;font-family:&quot;Tahoma&quot;,&quot;sans-serif&quot;\\">Custom Reports</span></u></b></p>\\n\\n<p class=\\"MsoNormal\\" style=\\"color: rgb(0, 0, 0); font-size: 12px; font-family: tahoma, arial, verdana, sans-serif; \\"><span style=\\"font-size:10.0pt;font-family:&quot;Tahoma&quot;,&quot;sans-serif&quot;\\">To\\nCreate Custom Reports:<o:p></o:p></span></p>\\n\\n<p class=\\"MsoNormal\\" style=\\"color: rgb(0, 0, 0); font-size: 12px; font-family: tahoma, arial, verdana, sans-serif; text-indent: 0.5in; \\"><span style=\\"font-size:10.0pt;\\nfont-family:&quot;Tahoma&quot;,&quot;sans-serif&quot;\\">Reports Icon<o:p></o:p></span></p>\\n\\n<p class=\\"MsoNormal\\" style=\\"color: rgb(0, 0, 0); font-size: 12px; text-indent: 0.5in; \\"><span style=\\"font-family: tahoma, arial, verdana, sans-serif; font-size: 13px; \\">-&gt;</span><span style=\\"font-size: 10pt; \\">Design Custom Reports</span><span class=\\"Apple-tab-span\\" style=\\"font-size: 10pt; text-indent: 0.5in; white-space: pre; \\">	</span></p><p class=\\"MsoNormal\\" style=\\"color: rgb(0, 0, 0); font-size: 12px; text-indent: 0.5in; \\"><span style=\\"font-family: tahoma, arial, verdana, sans-serif; font-size: 13px; \\">-&gt;</span><span style=\\"font-size: 10pt; text-indent: 0.5in; \\">Click </span><b style=\\"font-size: 10pt; text-indent: 0.5in; font-family: Tahoma, sans-serif; \\">New</b><font face=\\"Tahoma, sans-serif\\" style=\\"font-size: 10pt; text-indent: 0.5in; \\"> for\\nnew report or </font><b style=\\"font-size: 10pt; text-indent: 0.5in; font-family: Tahoma, sans-serif; \\">Open</b><font face=\\"Tahoma, sans-serif\\" style=\\"font-size: 10pt; text-indent: 0.5in; \\"> to start from\\nanother report</font></p><p class=\\"MsoNormal\\" style=\\"color: rgb(0, 0, 0); font-size: 12px; text-indent: 0.5in; \\"></p>\\n\\n\\n\\n<p class=\\"MsoNormal\\" style=\\"color: rgb(0, 0, 0); font-size: 12px; font-family: tahoma, arial, verdana, sans-serif; text-indent: 0.5in; \\"><span style=\\"font-size: 13px; \\">-&gt;</span><span style=\\"font-size:10.0pt;font-family:\\n&quot;Tahoma&quot;,&quot;sans-serif&quot;\\">Save As to create new report definition<o:p></o:p></span></p>\\n\\n<p class=\\"MsoNormal\\" style=\\"color: rgb(0, 0, 0); font-size: 12px; font-family: tahoma, arial, verdana, sans-serif; text-indent: 0.5in; \\"><span style=\\"font-size: 13px; \\">-&gt;</span><span style=\\"font-size:10.0pt;font-family:\\n&quot;Tahoma&quot;,&quot;sans-serif&quot;\\">To add fields:<o:p></o:p></span></p>\\n\\n<p class=\\"MsoNormal\\" style=\\"color: rgb(0, 0, 0); font-size: 12px; font-family: tahoma, arial, verdana, sans-serif; text-indent: 0.5in; \\"><span style=\\"font-size:10.0pt;\\nfont-family:&quot;Tahoma&quot;,&quot;sans-serif&quot;\\">&nbsp;&nbsp;&nbsp;&nbsp;&nbsp;&nbsp;&nbsp;&nbsp;&nbsp;&nbsp;&nbsp; Insert&nbsp;</span><span style=\\"font-size: 13px; \\">-&gt;</span><span style=\\"font-family: Tahoma, sans-serif; font-size: 10pt; text-indent: 0.5in; \\">&nbsp;Data Fields or Text\\nFields</span></p>\\n\\n<p class=\\"MsoNormal\\" style=\\"color: rgb(0, 0, 0); font-size: 12px; font-family: tahoma, arial, verdana, sans-serif; text-indent: 0.5in; \\"><span style=\\"font-size:10.0pt;\\nfont-family:&quot;Tahoma&quot;,&quot;sans-serif&quot;\\">&nbsp;&nbsp;&nbsp;&nbsp;&nbsp;&nbsp;&nbsp;&nbsp;&nbsp;&nbsp;&nbsp; Click\\non report grid where you want to insert field<o:p></o:p></span></p>\\n\\n<p class=\\"MsoNormal\\" style=\\"color: rgb(0, 0, 0); font-size: 12px; font-family: tahoma, arial, verdana, sans-serif; text-indent: 0.5in; \\"><span style=\\"font-size:10.0pt;\\nfont-family:&quot;Tahoma&quot;,&quot;sans-serif&quot;\\">&nbsp;&nbsp;&nbsp;&nbsp;&nbsp;&nbsp;&nbsp;&nbsp;&nbsp;&nbsp;&nbsp; Right\\nclick on the new field and go to Properties<o:p></o:p></span></p>\\n\\n<p class=\\"MsoNormal\\" style=\\"color: rgb(0, 0, 0); font-size: 12px; font-family: tahoma, arial, verdana, sans-serif; text-indent: 0.5in; \\"><span style=\\"font-size:10.0pt;\\nfont-family:&quot;Tahoma&quot;,&quot;sans-serif&quot;\\">&nbsp;&nbsp;&nbsp;&nbsp;&nbsp;&nbsp;&nbsp;&nbsp;&nbsp;&nbsp;&nbsp; Click\\non New Data Fields to select a database field<o:p></o:p></span></p>\\n\\n<p class=\\"MsoNormal\\" style=\\"color: rgb(0, 0, 0); font-size: 12px; font-family: tahoma, arial, verdana, sans-serif; text-indent: 0.5in; \\"><span style=\\"font-size:10.0pt;\\nfont-family:&quot;Tahoma&quot;,&quot;sans-serif&quot;\\"><o:p>&nbsp;</o:p></span></p>\\n\\n<p class=\\"MsoNormal\\" style=\\"color: rgb(0, 0, 0); font-size: 12px; font-family: tahoma, arial, verdana, sans-serif; \\"><span style=\\"font-size:10.0pt;font-family:&quot;Tahoma&quot;,&quot;sans-serif&quot;\\">To\\nRun Custom Reports&nbsp; <o:p></o:p></span></p>\\n\\n<p class=\\"MsoNormal\\" style=\\"color: rgb(0, 0, 0); font-size: 12px; font-family: tahoma, arial, verdana, sans-serif; text-indent: 0.5in; \\"><span style=\\"font-size:10.0pt;\\nfont-family:&quot;Tahoma&quot;,&quot;sans-serif&quot;\\">Reports Icon<o:p></o:p></span></p>\\n\\n<p class=\\"MsoNormal\\" style=\\"color: rgb(0, 0, 0); font-size: 12px; font-family: tahoma, arial, verdana, sans-serif; text-indent: 0.5in; \\"><span style=\\"font-size: 13px; \\">-&gt;</span><span style=\\"font-size:10.0pt;font-family:\\n&quot;Tahoma&quot;,&quot;sans-serif&quot;\\">Custom Report List<o:p></o:p></span></p>\\n\\n<p class=\\"MsoNormal\\" style=\\"color: rgb(0, 0, 0); font-size: 12px; font-family: tahoma, arial, verdana, sans-serif; text-indent: 0.5in; \\"><span style=\\"font-size: 13px; \\">-&gt;</span><span style=\\"font-size:10.0pt;font-family:\\n&quot;Tahoma&quot;,&quot;sans-serif&quot;\\">Select Report&nbsp; (ex:\\nAppointment List)<o:p></o:p></span></p>\\n\\n<p class=\\"MsoNormal\\" style=\\"color: rgb(0, 0, 0); font-size: 12px; font-family: tahoma, arial, verdana, sans-serif; text-indent: 0.5in; \\"><span style=\\"font-size: 13px; \\">-&gt;</span><span style=\\"font-size:10.0pt;font-family:\\n&quot;Tahoma&quot;,&quot;sans-serif&quot;\\">Export&nbsp;</span><span style=\\"font-size: 13px; \\">-&gt;&nbsp;</span><span style=\\"text-indent: 0.5in; font-size: 10pt; font-family: Tahoma, sans-serif; \\">Start&nbsp;</span><span style=\\"font-size: 13px; \\">-&gt;</span><span style=\\"font-family: Tahoma, sans-serif; font-size: 10pt; text-indent: 0.5in; \\">&nbsp;Date and </span><st1:place w:st=\\"on\\" style=\\"font-family: Tahoma, sans-serif; font-size: 10pt; text-indent: 0.5in; \\"><st1:placename w:st=\\"on\\">Provider</st1:placename> <st1:placetype w:st=\\"on\\">Range</st1:placetype></st1:place></p>\\n\\n<p class=\\"MsoNormal\\" style=\\"color: rgb(0, 0, 0); font-size: 12px; font-family: tahoma, arial, verdana, sans-serif; \\"><span style=\\"font-size:10.0pt;font-family:&quot;Tahoma&quot;,&quot;sans-serif&quot;\\"><o:p>&nbsp;</o:p></span></p>\\n\\n<p class=\\"MsoNormal\\" style=\\"color: rgb(0, 0, 0); font-size: 12px; font-family: tahoma, arial, verdana, sans-serif; \\"><b><span style=\\"font-size:10.0pt;font-family:&quot;Tahoma&quot;,&quot;sans-serif&quot;\\">Each Physician must\\nbe exported separately</span></b><span style=\\"font-size:10.0pt;font-family:\\n&quot;Tahoma&quot;,&quot;sans-serif&quot;\\">.<o:p></o:p></span></p>'),
(3, 'Advanced MD', ''),
(4, 'Lytec', ''),
(5, 'PCN Sage', ''),
(6, 'CGC System', ''),
(7, 'Centricity', ''),
(8, 'Medisys', ''),
(9, 'MD Systems / Insight', '<br>'),
(10, 'Athena', '<p class=\\"MsoNormal\\"><span style=\\"font-size:10.0pt;font-family:&quot;Tahoma&quot;,&quot;sans-serif&quot;\\">Athena\\nis a web based system.&nbsp; Once you have the\\nuserid/password information you can go directly to the link below.&nbsp; You do not need to log in to a local pc at\\nthe practice.<o:p></o:p></span></p><br><a href=\\"http://athenanet.athenahealth.com\\">https://athenanet.athenahealth.com</a><br><br><br><p class=\\"MsoNormal\\"><b><span style=\\"font-size:10.0pt;font-family:&quot;Tahoma&quot;,&quot;sans-serif&quot;\\">Master Files<o:p></o:p></span></b></p>\\n\\n<ul style=\\"margin-top:0in\\" type=\\"disc\\">\\n <li class=\\"MsoNormal\\"><span style=\\"font-size:10.0pt;font-family:&quot;Tahoma&quot;,&quot;sans-serif&quot;\\">Admin<o:p></o:p></span></li>\\n <li class=\\"MsoNormal\\"><span style=\\"font-size:10.0pt;font-family:&quot;Tahoma&quot;,&quot;sans-serif&quot;\\">Billing Admin<o:p></o:p></span></li>\\n <ul style=\\"margin-top:0in\\" type=\\"circle\\">\\n  <li class=\\"MsoNormal\\"><span style=\\"font-size:10.0pt;font-family:&quot;Tahoma&quot;,&quot;sans-serif&quot;\\">Referring\\n      Providers<o:p></o:p></span></li>\\n </ul>\\n <li class=\\"MsoNormal\\"><span style=\\"font-size:10.0pt;font-family:&quot;Tahoma&quot;,&quot;sans-serif&quot;\\">Insurance\\n     Master<o:p></o:p></span></li>\\n</ul>\\n\\n<p class=\\"MsoNormal\\" style=\\"margin-left:1.0in\\"><span style=\\"font-size:10.0pt;\\nfont-family:&quot;Tahoma&quot;,&quot;sans-serif&quot;\\">Report Builder -&gt; Patient Demographics<o:p></o:p></span></p>\\n\\n<p class=\\"MsoNormal\\" style=\\"margin-left:1.0in\\"><span style=\\"font-size:10.0pt;\\nfont-family:&quot;Tahoma&quot;,&quot;sans-serif&quot;\\">Expand Payer<o:p></o:p></span></p>\\n\\n<p class=\\"MsoNormal\\" style=\\"margin-left:1.0in\\"><span style=\\"font-size:10.0pt;\\nfont-family:&quot;Tahoma&quot;,&quot;sans-serif&quot;\\">Add Columns:<o:p></o:p></span></p>\\n\\n<p class=\\"MsoNormal\\" style=\\"margin-left:1.0in\\"><span style=\\"font-size:10.0pt;\\nfont-family:&quot;Tahoma&quot;,&quot;sans-serif&quot;\\">Patient Insurance Package ID<o:p></o:p></span></p>\\n\\n<p class=\\"MsoNormal\\" style=\\"margin-left:1.0in\\"><span style=\\"font-size:10.0pt;\\nfont-family:&quot;Tahoma&quot;,&quot;sans-serif&quot;\\">Patient Insurance package Name<o:p></o:p></span></p>\\n\\n<p class=\\"MsoNormal\\" style=\\"margin-left:1.0in\\"><span style=\\"font-size:10.0pt;\\nfont-family:&quot;Tahoma&quot;,&quot;sans-serif&quot;\\">Patient Insurance package Main Phone<o:p></o:p></span></p>\\n\\n<p class=\\"MsoNormal\\" style=\\"margin-left:1.0in\\"><span style=\\"font-size:10.0pt;\\nfont-family:&quot;Tahoma&quot;,&quot;sans-serif&quot;\\">Patient Insurance package Send Claims to\\nAddress1<o:p></o:p></span></p>\\n\\n<p class=\\"MsoNormal\\" style=\\"margin-left:1.0in\\"><span style=\\"font-size:10.0pt;\\nfont-family:&quot;Tahoma&quot;,&quot;sans-serif&quot;\\">Patient Insurance package Send Claims to\\nAddress2<o:p></o:p></span></p>\\n\\n<p class=\\"MsoNormal\\" style=\\"margin-left:1.0in\\"><span style=\\"font-size:10.0pt;\\nfont-family:&quot;Tahoma&quot;,&quot;sans-serif&quot;\\">Patient Insurance package Send Claims to\\nCity<o:p></o:p></span></p>\\n\\n<p class=\\"MsoNormal\\" style=\\"margin-left:1.0in\\"><span style=\\"font-size:10.0pt;\\nfont-family:&quot;Tahoma&quot;,&quot;sans-serif&quot;\\">Patient Insurance package Send Claims to\\nState<o:p></o:p></span></p>\\n\\n<p class=\\"MsoNormal\\" style=\\"margin-left:1.0in\\"><span style=\\"font-size:10.0pt;\\nfont-family:&quot;Tahoma&quot;,&quot;sans-serif&quot;\\">Patient Insurance package Send Claims to Zip<o:p></o:p></span></p>\\n\\n<p class=\\"MsoNormal\\" style=\\"margin-left:1.0in\\"><span style=\\"font-size:10.0pt;\\nfont-family:&quot;Tahoma&quot;,&quot;sans-serif&quot;\\">Patient Insurance package Type(for them to\\nget Insurance Class<o:p></o:p></span></p>\\n\\n<p class=\\"MsoNormal\\"><span style=\\"font-size:10.0pt;font-family:&quot;Tahoma&quot;,&quot;sans-serif&quot;\\">&nbsp;&nbsp;&nbsp;&nbsp;&nbsp;&nbsp;&nbsp;&nbsp;&nbsp;&nbsp;&nbsp; Run this report to CSV, and remove\\nduplicates using Excel.<o:p></o:p></span></p>\\n\\n<p class=\\"MsoNormal\\" style=\\"margin-left:1.0in\\"><span style=\\"font-size:10.0pt;\\nfont-family:&quot;Tahoma&quot;,&quot;sans-serif&quot;\\"><o:p>&nbsp;</o:p></span></p>\\n\\n<p class=\\"MsoNormal\\" style=\\"margin-left:1.0in\\"><span style=\\"font-size:10.0pt;\\nfont-family:&quot;Tahoma&quot;,&quot;sans-serif&quot;\\"><o:p>&nbsp;</o:p></span></p>\\n\\n<ul style=\\"margin-top:0in\\" type=\\"disc\\">\\n <li class=\\"MsoNormal\\"><span style=\\"font-size:10.0pt;font-family:&quot;Tahoma&quot;,&quot;sans-serif&quot;\\">Fee Schedules\\n     (to get Procedures)<o:p></o:p></span></li>\\n <ul style=\\"margin-top:0in\\" type=\\"circle\\">\\n  <li class=\\"MsoNormal\\"><span style=\\"font-size:10.0pt;font-family:&quot;Tahoma&quot;,&quot;sans-serif&quot;\\">Click on Edit\\n      Individual Procedure Fees<o:p></o:p></span></li>\\n  <li class=\\"MsoNormal\\"><span style=\\"font-size:10.0pt;font-family:&quot;Tahoma&quot;,&quot;sans-serif&quot;\\">Download the\\n      CSV<o:p></o:p></span></li>\\n </ul>\\n</ul>\\n\\n<p class=\\"MsoNormal\\"><span style=\\"font-size:10.0pt;font-family:&quot;Tahoma&quot;,&quot;sans-serif&quot;\\">&nbsp;&nbsp;&nbsp; <o:p></o:p></span></p>\\n\\n<p class=\\"MsoNormal\\"><span style=\\"font-size:10.0pt;font-family:&quot;Tahoma&quot;,&quot;sans-serif&quot;\\"><o:p>&nbsp;</o:p></span></p>\\n\\n<p class=\\"MsoNormal\\"><b><span style=\\"font-size:10.0pt;font-family:&quot;Tahoma&quot;,&quot;sans-serif&quot;\\">To create reports\\nfor Demog and Appointments<o:p></o:p></span></b></p>\\n\\n<ul style=\\"margin-top:0in\\" type=\\"disc\\">\\n <li class=\\"MsoNormal\\"><span style=\\"font-size:\\n     10.0pt;font-family:&quot;Tahoma&quot;,&quot;sans-serif&quot;\\">Reports </span><span style=\\"font-size:10.0pt;font-family:Wingdings;mso-ascii-font-family:Tahoma;\\n     mso-hansi-font-family:Tahoma;mso-bidi-font-family:Tahoma;mso-char-type:\\n     symbol;mso-symbol-font-family:Wingdings\\"></span><span style=\\"font-size:\\n     10.0pt;font-family:&quot;Tahoma&quot;,&quot;sans-serif&quot;\\"> Report Builder<o:p></o:p></span></li>\\n <ul style=\\"margin-top:0in\\" type=\\"circle\\">\\n  <li class=\\"MsoNormal\\"><span style=\\"font-size:\\n      10.0pt;font-family:&quot;Tahoma&quot;,&quot;sans-serif&quot;\\">Choose Report Type<o:p></o:p></span></li>\\n  <li class=\\"MsoNormal\\"><span style=\\"font-size:\\n      10.0pt;font-family:&quot;Tahoma&quot;,&quot;sans-serif&quot;\\">Choose Display Columns<o:p></o:p></span></li>\\n  <li class=\\"MsoNormal\\"><span style=\\"font-size:\\n      10.0pt;font-family:&quot;Tahoma&quot;,&quot;sans-serif&quot;\\">Choose &amp; Set Filters<o:p></o:p></span></li>\\n  <ul style=\\"margin-top:0in\\" type=\\"square\\">\\n   <li class=\\"MsoNormal\\"><span style=\\"font-size:\\n       10.0pt;font-family:&quot;Tahoma&quot;,&quot;sans-serif&quot;\\">Save Report<o:p></o:p></span></li>\\n  </ul>\\n </ul>\\n</ul>\\n\\n<p class=\\"MsoNormal\\"><span style=\\"font-size:10.0pt;font-family:&quot;Tahoma&quot;,&quot;sans-serif&quot;\\"><o:p>&nbsp;</o:p></span></p>\\n\\n<p class=\\"MsoNormal\\"><b><u><span style=\\"font-size:10.0pt;font-family:&quot;Tahoma&quot;,&quot;sans-serif&quot;\\">Demographics<o:p></o:p></span></u></b></p>\\n\\n<p class=\\"MsoNormal\\"><span style=\\"font-size:10.0pt;font-family:&quot;Tahoma&quot;,&quot;sans-serif&quot;\\">To\\nRun Reports<o:p></o:p></span></p>\\n\\n<ul style=\\"margin-top:0in\\" type=\\"disc\\">\\n <li class=\\"MsoNormal\\"><span style=\\"font-size:10.0pt;font-family:&quot;Tahoma&quot;,&quot;sans-serif&quot;\\">Report Library </span><span style=\\"font-size:10.0pt;font-family:Wingdings;mso-ascii-font-family:Tahoma;\\n     mso-hansi-font-family:Tahoma;mso-bidi-font-family:Tahoma;mso-char-type:\\n     symbol;mso-symbol-font-family:Wingdings\\"></span><span style=\\"font-size:\\n     10.0pt;font-family:&quot;Tahoma&quot;,&quot;sans-serif&quot;\\"> Patients Tab<o:p></o:p></span></li>\\n <li class=\\"MsoNormal\\"><span style=\\"font-size:10.0pt;font-family:&quot;Tahoma&quot;,&quot;sans-serif&quot;\\">My Reports </span><span style=\\"font-size:10.0pt;font-family:Wingdings;mso-ascii-font-family:Tahoma;\\n     mso-hansi-font-family:Tahoma;mso-bidi-font-family:Tahoma;mso-char-type:\\n     symbol;mso-symbol-font-family:Wingdings\\"></span><span style=\\"font-size:\\n     10.0pt;font-family:&quot;Tahoma&quot;,&quot;sans-serif&quot;\\"> Demog Pull-GMT </span><span style=\\"font-size:10.0pt;font-family:Wingdings;mso-ascii-font-family:Tahoma;\\n     mso-hansi-font-family:Tahoma;mso-bidi-font-family:Tahoma;mso-char-type:\\n     symbol;mso-symbol-font-family:Wingdings\\"></span><span style=\\"font-size:\\n     10.0pt;font-family:&quot;Tahoma&quot;,&quot;sans-serif&quot;\\"> edit<o:p></o:p></span></li>\\n <li class=\\"MsoNormal\\" style=\\"color:#0070C0;mso-list:l2 level1 lfo1;tab-stops:\\n     list .5in\\"><span style=\\"font-size:10.0pt;font-family:&quot;Tahoma&quot;,&quot;sans-serif&quot;\\">Get\\n     the patient_inscancelled field to filter duplicate records<o:p></o:p></span></li>\\n <li class=\\"MsoNormal\\" style=\\"color:#0070C0;mso-list:l2 level1 lfo1;tab-stops:\\n     list .5in\\"><span style=\\"font-size:10.0pt;font-family:&quot;Tahoma&quot;,&quot;sans-serif&quot;\\">Use\\n     patient_policy_holder_relationship for gaurantor<o:p></o:p></span></li>\\n <ul style=\\"margin-top:0in\\" type=\\"circle\\">\\n  <li class=\\"MsoNormal\\"><span style=\\"font-size:10.0pt;font-family:&quot;Tahoma&quot;,&quot;sans-serif&quot;\\">Choose Display\\n      Columns<o:p></o:p></span></li>\\n  <ul style=\\"margin-top:0in\\" type=\\"square\\">\\n   <li class=\\"MsoNormal\\"><span style=\\"font-size:10.0pt;font-family:&quot;Tahoma&quot;,&quot;sans-serif&quot;\\">Hopefully\\n       these are set okay<o:p></o:p></span></li>\\n  </ul>\\n  <li class=\\"MsoNormal\\"><span style=\\"font-size:10.0pt;font-family:&quot;Tahoma&quot;,&quot;sans-serif&quot;\\">Choose &amp;\\n      Set Filters&nbsp;&nbsp;&nbsp;&nbsp;&nbsp;&nbsp; <o:p></o:p></span></li>\\n  <ul style=\\"margin-top:0in\\" type=\\"square\\">\\n   <li class=\\"MsoNormal\\"><span style=\\"font-size:10.0pt;font-family:&quot;Tahoma&quot;,&quot;sans-serif&quot;\\">select\\n       provider group for your current division<o:p></o:p></span></li>\\n   <li class=\\"MsoNormal\\"><span style=\\"font-size:10.0pt;font-family:&quot;Tahoma&quot;,&quot;sans-serif&quot;\\">Save Report\\n       to a new name if you want to save criteria using the Div acronym in the\\n       name<b><o:p></o:p></b></span></li>\\n  </ul>\\n  <li class=\\"MsoNormal\\"><span style=\\"font-size:10.0pt;font-family:&quot;Tahoma&quot;,&quot;sans-serif&quot;\\">Preview Report\\n      (optional)<b><o:p></o:p></b></span></li>\\n  <li class=\\"MsoNormal\\"><span style=\\"font-size:10.0pt;font-family:&quot;Tahoma&quot;,&quot;sans-serif&quot;\\">Run Report\\n      this can take a quite a while  especially for the larger divisions!<b><o:p></o:p></b></span></li>\\n  <ul style=\\"margin-top:0in\\" type=\\"square\\">\\n   <li class=\\"MsoNormal\\"><span style=\\"font-size:10.0pt;font-family:&quot;Tahoma&quot;,&quot;sans-serif&quot;\\">Download to\\n       .csv<b><o:p></o:p></b></span></li>\\n   <li class=\\"MsoNormal\\"><span style=\\"font-size:10.0pt;font-family:&quot;Tahoma&quot;,&quot;sans-serif&quot;\\">Check: hide\\n       report name<b><o:p></o:p></b></span></li>\\n   <li class=\\"MsoNormal\\"><span style=\\"font-size:10.0pt;font-family:&quot;Tahoma&quot;,&quot;sans-serif&quot;\\">This allows\\n       you to save directly to your laptop<b><o:p></o:p></b></span></li>\\n  </ul>\\n  <li class=\\"MsoNormal\\"><span style=\\"font-size:10.0pt;font-family:&quot;Tahoma&quot;,&quot;sans-serif&quot;\\">The first time\\n      after I log in, once I okayd the csv download I got a popup.&nbsp; <o:p></o:p></span></li>\\n  <ul style=\\"margin-top:0in\\" type=\\"square\\">\\n   <li class=\\"MsoNormal\\"><span style=\\"font-size:10.0pt;font-family:&quot;Tahoma&quot;,&quot;sans-serif&quot;\\">I Had to okay\\n       the popup and then re-run to get the actual download<o:p></o:p></span></li>\\n  </ul>\\n </ul>\\n</ul>\\n\\n<p class=\\"MsoNormal\\"><span style=\\"font-size:10.0pt;font-family:&quot;Tahoma&quot;,&quot;sans-serif&quot;\\">For\\nPatient Insurance<o:p></o:p></span></p>\\n\\n<ul style=\\"margin-top:0in\\" type=\\"disc\\">\\n <li class=\\"MsoNormal\\"><span style=\\"font-size:\\n     10.0pt;font-family:&quot;Tahoma&quot;,&quot;sans-serif&quot;\\">Report Builder<o:p></o:p></span></li>\\n <li class=\\"MsoNormal\\"><span style=\\"font-size:\\n     10.0pt;font-family:&quot;Tahoma&quot;,&quot;sans-serif&quot;\\">Patient Demographics<o:p></o:p></span></li>\\n <ul style=\\"margin-top:0in\\" type=\\"circle\\">\\n  <li class=\\"MsoNormal\\"><span style=\\"font-size:\\n      10.0pt;font-family:&quot;Tahoma&quot;,&quot;sans-serif&quot;\\">Payer<o:p></o:p></span></li>\\n  <ul style=\\"margin-top:0in\\" type=\\"square\\">\\n   <li class=\\"MsoNormal\\"><span style=\\"font-size:\\n       10.0pt;font-family:&quot;Tahoma&quot;,&quot;sans-serif&quot;\\">Patient Primary Insurance\\n       Package fields<o:p></o:p></span></li>\\n   <ul style=\\"margin-top:0in\\" type=\\"disc\\">\\n    <li class=\\"MsoNormal\\"><span style=\\"font-size:\\n        10.0pt;font-family:&quot;Tahoma&quot;,&quot;sans-serif&quot;\\">Filter:&nbsp; Do Not Include Cancelled<o:p></o:p></span></li>\\n   </ul>\\n  </ul>\\n </ul>\\n</ul>\\n\\n<p class=\\"MsoNormal\\"><span style=\\"font-size:10.0pt;font-family:&quot;Tahoma&quot;,&quot;sans-serif&quot;\\"><o:p>&nbsp;</o:p></span></p>\\n\\n<p class=\\"MsoNormal\\"><b><u><span style=\\"font-size:10.0pt;font-family:&quot;Tahoma&quot;,&quot;sans-serif&quot;\\">Schedule<o:p></o:p></span></u></b></p>\\n\\n<p class=\\"MsoNormal\\"><span style=\\"font-size:10.0pt;font-family:&quot;Tahoma&quot;,&quot;sans-serif&quot;\\">To\\nRun Reports<o:p></o:p></span></p>\\n\\n<ul style=\\"margin-top:0in\\" type=\\"disc\\">\\n <li class=\\"MsoNormal\\"><span style=\\"font-size:10.0pt;font-family:&quot;Tahoma&quot;,&quot;sans-serif&quot;\\">Report Library </span><span style=\\"font-size:10.0pt;font-family:Wingdings;mso-ascii-font-family:Tahoma;\\n     mso-hansi-font-family:Tahoma;mso-bidi-font-family:Tahoma;mso-char-type:\\n     symbol;mso-symbol-font-family:Wingdings\\"></span><span style=\\"font-size:\\n     10.0pt;font-family:&quot;Tahoma&quot;,&quot;sans-serif&quot;\\"> Other Tab<b><o:p></o:p></b></span></li>\\n <li class=\\"MsoNormal\\"><span style=\\"font-size:10.0pt;font-family:&quot;Tahoma&quot;,&quot;sans-serif&quot;\\">Practice\\n     Reports </span><span style=\\"font-size:10.0pt;font-family:Wingdings;\\n     mso-ascii-font-family:Tahoma;mso-hansi-font-family:Tahoma;mso-bidi-font-family:\\n     Tahoma;mso-char-type:symbol;mso-symbol-font-family:Wingdings\\"></span><span style=\\"font-size:10.0pt;font-family:&quot;Tahoma&quot;,&quot;sans-serif&quot;\\"> GMT-ApptSched </span><span style=\\"font-size:10.0pt;font-family:Wingdings;mso-ascii-font-family:Tahoma;\\n     mso-hansi-font-family:Tahoma;mso-bidi-font-family:Tahoma;mso-char-type:\\n     symbol;mso-symbol-font-family:Wingdings\\"></span><span style=\\"font-size:\\n     10.0pt;font-family:&quot;Tahoma&quot;,&quot;sans-serif&quot;\\"> edit<b><o:p></o:p></b></span></li>\\n <ul style=\\"margin-top:0in\\" type=\\"circle\\">\\n  <li class=\\"MsoNormal\\"><span style=\\"font-size:10.0pt;font-family:&quot;Tahoma&quot;,&quot;sans-serif&quot;\\">Choose Display\\n      Columns <b><o:p></o:p></b></span></li>\\n  <ul style=\\"margin-top:0in\\" type=\\"square\\">\\n   <li class=\\"MsoNormal\\"><span style=\\"font-size:10.0pt;font-family:&quot;Tahoma&quot;,&quot;sans-serif&quot;\\">hopefully\\n       these are set okay<b><o:p></o:p></b></span></li>\\n  </ul>\\n  <li class=\\"MsoNormal\\"><span style=\\"font-size:10.0pt;font-family:&quot;Tahoma&quot;,&quot;sans-serif&quot;\\">Choose &amp;\\n      Set Filters<b><o:p></o:p></b></span></li>\\n  <ul style=\\"margin-top:0in\\" type=\\"square\\">\\n   <li class=\\"MsoNormal\\"><span style=\\"font-size:10.0pt;font-family:&quot;Tahoma&quot;,&quot;sans-serif&quot;\\">set appt date\\n       range, select provider group, appt status filled<b><o:p></o:p></b></span></li>\\n   <li class=\\"MsoNormal\\"><span style=\\"font-size:10.0pt;font-family:&quot;Tahoma&quot;,&quot;sans-serif&quot;\\">Save Report\\n       (params) for future use using the Div acronym in the name<b><o:p></o:p></b></span></li>\\n  </ul>\\n  <li class=\\"MsoNormal\\"><span style=\\"font-size:10.0pt;font-family:&quot;Tahoma&quot;,&quot;sans-serif&quot;\\">Preview Report\\n      (optional)<b><o:p></o:p></b></span></li>\\n  <li class=\\"MsoNormal\\"><span style=\\"font-size:10.0pt;font-family:&quot;Tahoma&quot;,&quot;sans-serif&quot;\\">Run Report \\n      this can take several minutes  especially for the larger divisions!<b><o:p></o:p></b></span></li>\\n  <ul style=\\"margin-top:0in\\" type=\\"square\\">\\n   <li class=\\"MsoNormal\\"><span style=\\"font-size:10.0pt;font-family:&quot;Tahoma&quot;,&quot;sans-serif&quot;\\">Download to\\n       .csv<b><o:p></o:p></b></span></li>\\n   <li class=\\"MsoNormal\\"><span style=\\"font-size:10.0pt;font-family:&quot;Tahoma&quot;,&quot;sans-serif&quot;\\">Check:&nbsp; hide report name<b><o:p></o:p></b></span></li>\\n   <li class=\\"MsoNormal\\"><span style=\\"font-size:10.0pt;font-family:&quot;Tahoma&quot;,&quot;sans-serif&quot;\\">This allows\\n       you to save directly to your laptop<b><o:p></o:p></b></span></li>\\n  </ul>\\n  <li class=\\"MsoNormal\\"><span style=\\"font-size:10.0pt;font-family:&quot;Tahoma&quot;,&quot;sans-serif&quot;\\">The first time\\n      after I log in, once I okayd the csv download I got a popup.&nbsp; <o:p></o:p></span></li>\\n  <ul style=\\"margin-top:0in\\" type=\\"square\\">\\n   <li class=\\"MsoNormal\\"><span style=\\"font-size:10.0pt;font-family:&quot;Tahoma&quot;,&quot;sans-serif&quot;\\">I Had to okay\\n       the popup and then re-run to get the actual download<o:p></o:p></span></li>\\n  </ul>\\n </ul>\\n</ul>'),
(11, 'LC', '<br>'),
(12, 'Allscripts PM', ''),
(13, 'Dr. Know', 'Cell Phone Number for Harlon Harrington 917-750-5390'),
(14, 'CalMed', 'To Export<br>-&gt;Click Print Preview and the Export button next to Print<br><br>Procedures<br>-&gt;Data-&gt;Procedures Menu-&gt;List Procedures<br><br>Referring<br>-&gt;Data-&gt;Referring Person Menu-&gt;List Referring Persons<br><br><br>Insurance<br>-&gt;Data-Insurance Menu-&gt;List Insurance Companies'),
(15, 'Medical Manager', ''),
(16, 'Med Informatics', ''),
(17, 'ProviderSoft', ''),
(18, 'Misys Tiger', '');

-- --------------------------------------------------------

--
-- Table structure for table `newhires`
--

CREATE TABLE IF NOT EXISTS `newhires` (
  `id` int(10) unsigned NOT NULL AUTO_INCREMENT,
  `newHires` int(10) unsigned NOT NULL,
  `year` int(10) unsigned NOT NULL,
  `total` int(10) unsigned NOT NULL,
  `prevHired` int(10) unsigned NOT NULL,
  PRIMARY KEY (`id`)
) ENGINE=InnoDB  DEFAULT CHARSET=latin1 AUTO_INCREMENT=7 ;

--
-- Dumping data for table `newhires`
--

INSERT INTO `newhires` (`id`, `newHires`, `year`, `total`, `prevHired`) VALUES
(1, 135, 2005, 140, 5),
(2, 145, 2006, 155, 10),
(3, 165, 2007, 185, 20),
(4, 135, 2008, 145, 10),
(5, 105, 2009, 115, 10),
(6, 220, 2010, 235, 15);

-- --------------------------------------------------------

--
-- Table structure for table `pm`
--

CREATE TABLE IF NOT EXISTS `pm` (
  `id` int(10) unsigned NOT NULL AUTO_INCREMENT,
  `name` varchar(50) CHARACTER SET utf8 COLLATE utf8_unicode_ci NOT NULL,
  `active` tinyint(1) NOT NULL DEFAULT '1',
  PRIMARY KEY (`id`),
  UNIQUE KEY `name` (`name`)
) ENGINE=InnoDB  DEFAULT CHARSET=latin1 AUTO_INCREMENT=11 ;

--
-- Dumping data for table `pm`
--

INSERT INTO `pm` (`id`, `name`, `active`) VALUES
(0, 'Not Listed', 1),
(1, 'Shawna Nicholas', 1),
(2, 'Debbie Sorensen', 1),
(3, 'David Steed', 1),
(4, 'Wendy Sheetz', 1),
(5, 'Donna Duval', 1),
(6, 'Sheri Park', 1),
(7, 'Kathlena Hodges', 1),
(8, 'Alan Coker', 1),
(9, 'Tanya Mercer', 1),
(10, 'Joy Coy', 1);

-- --------------------------------------------------------

--
-- Table structure for table `site`
--

CREATE TABLE IF NOT EXISTS `site` (
  `id` int(10) unsigned NOT NULL AUTO_INCREMENT,
  `siteName` varchar(500) CHARACTER SET utf8 COLLATE utf8_unicode_ci NOT NULL,
  `siteNumber` varchar(10) CHARACTER SET utf8 COLLATE utf8_unicode_ci NOT NULL,
  `isArchive` int(10) DEFAULT '0',
  PRIMARY KEY (`id`),
  UNIQUE KEY `siteNumber` (`siteNumber`)
) ENGINE=InnoDB  DEFAULT CHARSET=latin1 AUTO_INCREMENT=60 ;

--
-- Dumping data for table `site`
--

INSERT INTO `site` (`id`, `siteName`, `siteNumber`, `isArchive`) VALUES
(1, 'GA Management', '1505', 1),
(2, 'Weng Pong', '400139', 1),
(3, 'Abilene Family Medical', '550002', 1),
(10, 'David A Wiersema', '400132', 1),
(11, 'Dimitry Rabkin', '1507', 1),
(12, 'Roger Dunham', '164013', 1),
(25, 'Comcare', '1486', 1),
(27, 'Allergy ENT of Greenville', '1514', 1),
(31, 'Waco Center for Womens', '175000', 1),
(32, 'Dermatology of Spokane', '1519', 1),
(33, 'Azalea City Physicians', '501002', 1),
(34, 'Village', '558001', 1),
(35, 'Ronald Chochinov', '504002', 0),
(36, 'Sewanee Pediatrics', '547003', 0),
(37, 'North Shore Internists', '400146', 1),
(39, 'Mark B Lew', '500006', 1),
(40, 'Raymond Poliakin', '505009', 0),
(41, 'David Broadbent', '533004', 1),
(42, 'Lowell L McCauley', '1558', 1),
(43, 'JM Arrunategui', '400152', 0),
(44, 'South Texas', '548006', 1),
(45, 'Suburban ENT', '1570', 1),
(46, 'Clary P. Foote', '1556', 1),
(47, 'WGON', '1569', 1),
(50, 'Blueridge Pulmonary', '1522', 1),
(51, 'Chattanooga Womens', '1588', 1),
(52, 'Southwest Womens Heath', '532004', 0),
(53, 'Womens Health of Frederick', '519002', 0),
(54, 'Trestlewood Pediatrics', '521002', 0),
(55, 'Endocrine & Diabetes', '400156', 0),
(56, 'Callahan ENT', '1566', 0),
(57, 'John\\''s Creek Pediatrics', '1584', 0),
(58, 'Coastal ENT', '1562', 0),
(59, 'Broadway Medical', '400158', 0);

-- --------------------------------------------------------

--
-- Table structure for table `siteprofile`
--

CREATE TABLE IF NOT EXISTS `siteprofile` (
  `id` int(10) unsigned NOT NULL AUTO_INCREMENT,
  `siteId` int(10) unsigned NOT NULL,
  `contact` varchar(100) CHARACTER SET utf8 COLLATE utf8_unicode_ci DEFAULT NULL,
  `email` varchar(100) CHARACTER SET utf8 COLLATE utf8_unicode_ci DEFAULT NULL,
  `phone` varchar(50) CHARACTER SET utf8 COLLATE utf8_unicode_ci DEFAULT NULL,
  `migrationWeek` date DEFAULT NULL,
  `legacySystem` int(10) NOT NULL,
  `pm` int(10) DEFAULT NULL,
  `pis` varchar(100) CHARACTER SET utf8 COLLATE utf8_unicode_ci DEFAULT NULL,
  `clearingHouse` int(10) NOT NULL,
  `patientsToAdd` varchar(50) CHARACTER SET utf8 COLLATE utf8_unicode_ci DEFAULT NULL,
  `patientIdStartNumber` varchar(50) CHARACTER SET utf8 COLLATE utf8_unicode_ci DEFAULT NULL,
  `insMasterStatus` int(10) NOT NULL,
  `procMasterStatus` int(10) NOT NULL,
  `refMasterStatus` int(10) NOT NULL,
  `profileNotes` text CHARACTER SET utf8 COLLATE utf8_unicode_ci NOT NULL,
  PRIMARY KEY (`id`),
  UNIQUE KEY `siteId` (`siteId`)
) ENGINE=InnoDB  DEFAULT CHARSET=latin1 AUTO_INCREMENT=33 ;

--
-- Dumping data for table `siteprofile`
--

INSERT INTO `siteprofile` (`id`, `siteId`, `contact`, `email`, `phone`, `migrationWeek`, `legacySystem`, `pm`, `pis`, `clearingHouse`, `patientsToAdd`, `patientIdStartNumber`, `insMasterStatus`, `procMasterStatus`, `refMasterStatus`, `profileNotes`) VALUES
(1, 11, 'Sophia', 'rabkinmd@hotmail.com', '7183391910', '2012-01-09', 2, 4, 'Bobby Mehan', 1, '', '', 1, 1, 1, ''),
(2, 12, 'Akiko Noguchi', 'akiko@rogercdunham.com', '8059655588', '2012-01-09', 4, 5, 'Joy Coy', 0, 'All Patients', '1001', 0, 0, 0, ''),
(5, 31, 'Charley Morrison', 'cmorrison@cgcsw.com', '2547519669', '2012-01-30', 6, 1, 'Emilie Kaiser', 1, 'All', '50000', 0, 0, 0, ''),
(6, 32, 'Dee Dobler', 'ddobler@dermsos.com', '5094565949', '2012-01-03', 7, 6, 'Bruce Schaumberg', 1, NULL, NULL, 0, 0, 0, ''),
(7, 25, 'Vicki', 'vickij@comcarepa.com', '7853092318', '2011-12-27', 0, 1, 'Jennifer Cannel', 0, NULL, NULL, 0, 0, 0, ''),
(8, 34, 'Kat Terran', 'littleroar@gmail.com', '2067831788', '2012-01-02', 3, 6, 'Ellis Curlee', 1, NULL, NULL, 0, 0, 0, ''),
(9, 33, 'Elisha Smith Dozier', 'administrator@azaleacityphysicians.com', '2513450992', '2012-01-02', 8, 3, 'Hunter Sims', 2, NULL, NULL, 0, 0, 0, ''),
(10, 35, 'Claudia Isaia', 'claudia4rchochinov@yahoo.com', '8056673909', '2012-04-02', 9, 7, 'TBD', 2, 'All', '500000', 0, 0, 0, 'claudia\\''s extension is 207'),
(11, 36, 'Steven Stewart', 'steven.stewart@chgpllc.org', '9319623001', '2012-05-28', 10, 7, 'Derek Pasley', 2, '', '', 0, 0, 0, ''),
(12, 37, 'Dr Dyer', 'robindyermd@gmail.com', '8476355000', '2012-01-30', 11, 2, 'Ryan Bell', 2, 'All Patients', '1001', 0, 0, 0, ''),
(14, 39, 'Harlon Harrington', 'harlonharrington@gmail.com', '7188596440', '2012-02-20', 13, 2, 'Ryan Bell', 2, '', '', 0, 0, 0, ''),
(15, 40, 'Raymond Poliakin', 'rpoliakin@gmail.com', '8054978820', '2012-04-16', 14, 7, 'Not Assigned', 2, '', '', 0, 0, 0, ''),
(16, 41, 'Rossana Timothy', 'doctorbroadbent@gmail.com', '8013734649', '2012-03-05', 4, 6, 'Brad Raitz', 1, '', '', 0, 0, 0, ''),
(17, 42, 'Janet Love', 'jllove@bellsouth.net', '8655495149', '2012-03-12', 7, 7, 'Tammy Davis', 2, 'All', '40000', 0, 0, 0, '<span style="font-size: 12px; ">tester tester</span>&nbsp;tester<font size="4">&nbsp;tester</font>'),
(18, 43, 'Irma Iglesis', 'arrunateguimed@comcast.net', '9083537500', '2012-05-30', 15, 7, 'Derek Pasley', 2, '', '', 0, 0, 0, ''),
(19, 44, 'Marisela Rodriguez', 'stma4u@sbcglobal.net', '3618857864', '2012-03-19', 16, 1, 'Brad Raitz', 2, '', '', 0, 0, 0, '<br><b>Appointment Types</b><br><br>2D Echo | Tech |<br>Thanllium | Tech |<br>Bone Density Xray Tech<br>Follow Up | Oloyo<br><br>follow up hospital Oloyo<br>holter | nurse<br>injection | nurse<br><br>lab work | lab tech<br><br>ncs/emg lab tech<br>new patient Oloyo<br>PPD | nurse<br>PT | nurse<br>stress test | tech<br>uro | nurse<br>vng | tech'),
(20, 45, 'Sue Schultz', 'subearnose@sbcglobal.net', '8472592530', '2012-03-19', 17, 0, 'Jennifer Cannell', 1, '', '', 0, 0, 0, ''),
(21, 46, 'Gina', 'gcurrier@comcast.net', '4233692813', '2012-03-05', 2, 9, 'Amy Taylor', 1, 'All', '200000', 0, 0, 0, ''),
(22, 47, 'Chris Volanti', 'cvolanti@womenobgyn.net', '8159192346', '2012-03-26', 18, 10, 'Melody Olson', 3, '4 years', '200000', 0, 0, 0, '<br><br>Windows:<br><br>User: lbranard<br><br>Pass: tribulation<br><br>pass:<br><br><br><br>3823'),
(23, 50, 'Karen Hood', 'curlee@wingnet.net', '4234215022', '2012-03-26', 5, 10, 'Ellis Curlee', 2, 'All', '50000', 0, 0, 0, 'Username : brp-temp<br>password : Password1<br><br>PCNTerm<br>login: brp1<br>Password: Password1<br><br><br>QuickNotes:<br><br><br>gmtqn<br><br><br>'),
(24, 51, 'Katie Bishop', 'chattwom@yahoo.com', '7068615950', '2012-03-26', 15, 8, 'Liz Johnson', 2, 'All', '80000', 0, 0, 0, 'Cell phone: 423-618-4664<br><br>IP Address: 192.168.1.10<br><br>root<br>mmse<br><br><br><br><br>Medical Manger Login:<br><br><br><br>mmclient<br>mmclient<br><br>18<br>2735'),
(25, 52, 'Elizabeth Farlie', 'elizabeth@shodenwilliams.com', '5053389595', '2012-04-02', 1, 6, 'Beth Hill', 2, '', '', 0, 0, 0, 'Windows:<br><br>User: elizabethf<br>Pass: 04012005<br><br>MDM Nextware:<br>Marion Neal (708) 588-1795'),
(26, 53, 'Debbie VanGilder', 'dvangilder@womensspecialistsonline.com', '3018079395', '2012-04-09', 12, 4, 'Kay Robbins', 2, '', '', 0, 0, 0, 'LogMeIn Access Code:<br><br>User: dvangilder<br>pass: jpmd789<br><br>user: dvangilder<br>pass: dvandilder2<br><br><br>jgatrell@womensspecialt.com'),
(27, 57, 'Brittany Burnett', 'officemanager@johnscreekpediatrics.net', '7708141160', '2012-04-02', 18, 8, 'Shawn Gupton', 2, '', '', 0, 0, 0, '<br>Windows:<br><br>jheeren<br>tiger#99<br><br>RDP:<br><br>administrator<br>tiger#99<br><br><br>misys tiger:<br><br>BRITTANY<br>BRITTANY<br><br>Brittany\\''s Cell:<br><br>404-466-7385'),
(28, 58, 'Lisa Barfield', 'lbarfield@coastalent.net', '2288961987', '2012-04-23', 1, 1, 'Hunter Sims', 2, '', '', 0, 0, 0, 'lisa<br><br>casino6'),
(29, 54, 'Marsha Bassett', 'info@trestlewoodpediatrics.com', '2699982829', '2012-04-09', 18, 10, 'Kay Robbins', 2, '', '', 0, 0, 0, '<br>LogMeIn setup under issuetrack<br><br>windows:<br><br>user: greenway<br>pass: pr1me<br><br>misys:<br><br>user: root<br>pass: twp508<br><br>user: mab001<br>pass: sarah'),
(30, 55, 'Dr Bajramovic', 'sbajramo@nmh.org', '3129260055', '2012-04-09', 1, 7, 'Deb Galfano', 2, '', '', 0, 0, 0, 'Legacy System is Marca Systems<br><br><a href="https://www.marcafuture.com/mf/">https://www.marcafuture.com/mf/</a><br><br><br>User: Amber<br>Pass: Amber@789'),
(31, 56, 'Debbie and Alicia', 'scc@entercomp.com', '3343936673', '2012-04-09', 8, 9, 'TBD', 2, '', '', 0, 0, 0, ''),
(32, 59, 'Dr Trandai', 'mtrandai@yahoo.com', '7738784800', '2012-04-23', 1, 2, 'Ryan Bell', 2, '', '', 0, 0, 0, 'Legacy System:<br><br>Health Nautica');

-- --------------------------------------------------------

--
-- Table structure for table `sitetask`
--

CREATE TABLE IF NOT EXISTS `sitetask` (
  `id` int(10) unsigned NOT NULL AUTO_INCREMENT,
  `siteId` int(10) unsigned NOT NULL,
  `taskId` int(10) unsigned NOT NULL,
  `taskStage` int(1) unsigned NOT NULL,
  `updateTime` datetime DEFAULT NULL,
  PRIMARY KEY (`id`)
) ENGINE=InnoDB  DEFAULT CHARSET=latin1 AUTO_INCREMENT=704 ;

--
-- Dumping data for table `sitetask`
--

INSERT INTO `sitetask` (`id`, `siteId`, `taskId`, `taskStage`, `updateTime`) VALUES
(1, 1, 1, 0, '2011-12-20 15:44:59'),
(2, 1, 2, 1, '2011-12-20 15:45:02'),
(3, 2, 1, 1, '2011-12-13 22:34:12'),
(4, 2, 2, 1, '2011-12-13 22:33:43'),
(7, 3, 1, 1, '2011-12-19 19:41:45'),
(8, 3, 2, 1, '2011-12-13 23:23:01'),
(21, 10, 1, 1, '2011-12-13 22:30:12'),
(22, 10, 2, 1, '2011-12-13 23:22:57'),
(23, 1, 7, 2, '2011-12-20 15:45:05'),
(24, 2, 7, 1, '2011-12-13 22:23:30'),
(25, 3, 7, 1, '2011-12-13 22:18:06'),
(26, 10, 7, 2, '2011-12-20 15:44:18'),
(27, 11, 1, 2, '2012-01-06 20:12:26'),
(28, 11, 2, 2, '2012-01-25 21:37:51'),
(29, 11, 7, 2, '2012-01-16 15:06:05'),
(30, 1, 8, 0, NULL),
(31, 2, 8, 0, NULL),
(32, 3, 8, 0, NULL),
(33, 10, 8, 0, NULL),
(34, 11, 8, 2, '2011-12-21 15:19:54'),
(70, 12, 7, 2, '2012-01-05 20:15:50'),
(71, 12, 8, 2, '2011-12-22 15:54:00'),
(72, 12, 1, 2, '2011-12-22 15:45:33'),
(73, 12, 2, 2, '2011-12-22 16:07:31'),
(78, 25, 1, 2, '2011-12-28 15:58:11'),
(79, 25, 2, 2, '2011-12-28 15:58:15'),
(80, 25, 7, 2, '2011-12-28 15:58:25'),
(81, 25, 8, 2, '2011-12-28 15:53:28'),
(86, 1, 10, 0, NULL),
(87, 2, 10, 0, NULL),
(88, 3, 10, 0, NULL),
(89, 10, 10, 0, NULL),
(90, 11, 10, 2, '2012-01-23 16:45:30'),
(91, 12, 10, 2, '2012-01-17 15:42:21'),
(93, 25, 10, 2, '2011-12-28 17:01:05'),
(94, 27, 1, 2, '2011-12-28 15:57:32'),
(95, 27, 2, 2, '2011-12-28 15:57:41'),
(96, 27, 7, 2, '2011-12-28 15:57:55'),
(97, 27, 8, 2, '2011-12-28 15:55:47'),
(98, 27, 10, 2, '2011-12-28 19:54:59'),
(109, 1, 11, 0, NULL),
(110, 2, 11, 0, NULL),
(111, 3, 11, 0, NULL),
(112, 10, 11, 0, NULL),
(113, 11, 11, 2, '2012-01-23 22:49:36'),
(114, 12, 11, 2, '2012-01-05 20:15:54'),
(116, 25, 11, 2, '2012-01-03 15:07:00'),
(117, 27, 11, 2, '2011-12-28 21:15:36'),
(118, 1, 12, 0, NULL),
(119, 2, 12, 0, NULL),
(120, 3, 12, 0, NULL),
(121, 10, 12, 0, NULL),
(122, 11, 12, 2, '2012-01-23 22:49:42'),
(123, 12, 12, 2, '2012-01-17 15:42:10'),
(125, 25, 12, 2, '2012-01-03 15:07:04'),
(126, 27, 12, 2, '2011-12-28 21:15:40'),
(127, 1, 13, 0, NULL),
(128, 2, 13, 0, NULL),
(129, 3, 13, 0, NULL),
(130, 10, 13, 0, NULL),
(131, 11, 13, 2, '2012-01-25 21:37:48'),
(132, 12, 13, 0, NULL),
(134, 25, 13, 2, '2012-01-03 15:07:06'),
(135, 27, 13, 2, '2011-12-28 22:52:08'),
(144, 1, 14, 0, NULL),
(145, 2, 14, 0, NULL),
(146, 3, 14, 0, NULL),
(147, 10, 14, 0, NULL),
(148, 11, 14, 2, '2012-01-25 21:37:31'),
(149, 12, 14, 2, '2012-01-17 15:42:24'),
(151, 25, 14, 2, '2012-01-03 15:07:09'),
(152, 27, 14, 2, '2011-12-28 20:15:58'),
(153, 1, 15, 0, NULL),
(154, 2, 15, 0, NULL),
(155, 3, 15, 0, NULL),
(156, 10, 15, 0, NULL),
(157, 11, 15, 2, '2012-01-25 21:37:33'),
(158, 12, 15, 0, NULL),
(160, 25, 15, 2, '2012-01-03 15:07:11'),
(161, 27, 15, 2, '2011-12-28 22:52:02'),
(162, 1, 16, 0, NULL),
(163, 2, 16, 0, NULL),
(164, 3, 16, 0, NULL),
(165, 10, 16, 0, NULL),
(166, 11, 16, 2, '2012-01-25 21:37:37'),
(167, 12, 16, 2, '2012-01-18 21:19:44'),
(169, 25, 16, 2, '2012-01-03 15:07:14'),
(170, 27, 16, 2, '2011-12-28 20:16:05'),
(171, 1, 17, 0, NULL),
(172, 2, 17, 0, NULL),
(173, 3, 17, 0, NULL),
(174, 10, 17, 0, NULL),
(175, 11, 17, 2, '2012-01-25 21:37:40'),
(176, 12, 17, 2, '2012-01-18 21:19:47'),
(178, 25, 17, 2, '2012-01-03 15:07:16'),
(179, 27, 17, 2, '2012-01-03 15:06:53'),
(180, 1, 18, 0, NULL),
(181, 2, 18, 0, NULL),
(182, 3, 18, 0, NULL),
(183, 10, 18, 0, NULL),
(184, 11, 18, 2, '2012-01-25 21:37:42'),
(185, 12, 18, 2, '2012-01-18 21:19:50'),
(187, 25, 18, 2, '2012-01-03 15:07:19'),
(188, 27, 18, 2, '2012-01-03 15:06:56'),
(189, 1, 19, 0, NULL),
(190, 2, 19, 0, NULL),
(191, 3, 19, 0, NULL),
(192, 10, 19, 0, NULL),
(193, 11, 19, 2, '2012-01-23 22:49:51'),
(194, 12, 19, 0, NULL),
(196, 25, 19, 2, '2011-12-28 21:03:03'),
(197, 27, 19, 2, '2011-12-28 21:15:59'),
(198, 31, 1, 2, '2012-01-12 16:10:26'),
(199, 31, 2, 2, '2012-01-12 16:10:29'),
(200, 31, 7, 2, '2012-01-12 16:10:38'),
(201, 31, 8, 2, '2012-01-03 15:36:36'),
(202, 31, 10, 2, '2012-01-30 15:38:10'),
(203, 31, 11, 2, '2012-01-31 16:17:03'),
(204, 31, 12, 2, '2012-02-01 16:52:44'),
(205, 31, 13, 2, '2012-02-01 16:52:47'),
(206, 31, 14, 2, '2012-02-01 20:46:42'),
(207, 31, 15, 2, '2012-02-01 21:59:15'),
(208, 31, 16, 2, '2012-02-01 20:40:25'),
(209, 31, 17, 2, '2012-02-01 21:59:19'),
(210, 31, 18, 2, '2012-02-01 21:59:22'),
(211, 31, 19, 2, '2012-01-31 16:16:52'),
(212, 32, 1, 2, '2012-01-03 15:45:02'),
(213, 32, 2, 2, '2012-01-04 16:02:35'),
(214, 32, 7, 2, '2012-01-04 16:02:44'),
(215, 32, 8, 2, '2012-01-03 15:40:36'),
(216, 32, 10, 2, '2012-01-05 13:32:52'),
(217, 32, 11, 2, '2012-01-04 20:13:28'),
(218, 32, 12, 2, '2012-01-05 14:30:00'),
(219, 32, 13, 2, '2012-01-05 14:26:40'),
(220, 32, 14, 2, '2012-01-05 16:17:41'),
(221, 32, 15, 2, '2012-01-05 16:17:43'),
(222, 32, 16, 2, '2012-01-05 14:26:50'),
(223, 32, 17, 2, '2012-01-05 16:17:46'),
(224, 32, 18, 2, '2012-01-05 16:17:48'),
(225, 32, 19, 0, NULL),
(226, 33, 1, 2, '2012-01-04 16:02:27'),
(227, 33, 2, 2, '2012-01-04 16:02:37'),
(228, 33, 7, 2, '2012-01-04 16:02:47'),
(229, 33, 8, 2, '2012-01-04 16:02:18'),
(230, 33, 10, 2, '2012-01-05 21:34:19'),
(231, 33, 11, 2, '2012-01-04 17:04:29'),
(232, 33, 12, 2, '2012-01-04 17:03:38'),
(233, 33, 13, 2, '2012-01-10 14:29:49'),
(234, 33, 14, 2, '2012-01-10 14:29:26'),
(235, 33, 15, 2, '2012-01-10 14:29:29'),
(236, 33, 16, 2, '2012-01-10 14:29:31'),
(237, 33, 17, 2, '2012-01-10 14:29:37'),
(238, 33, 18, 2, '2012-01-10 14:29:40'),
(239, 33, 19, 2, '2012-01-10 14:29:51'),
(240, 34, 1, 2, '2012-01-04 16:02:24'),
(241, 34, 2, 2, '2012-01-04 16:02:40'),
(242, 34, 7, 2, '2012-01-04 16:02:50'),
(243, 34, 8, 2, '2012-01-04 16:02:15'),
(244, 34, 10, 2, '2012-01-06 19:29:20'),
(245, 34, 11, 2, '2012-01-05 20:32:09'),
(246, 34, 12, 2, '2012-01-10 14:29:45'),
(247, 34, 13, 2, '2012-01-10 14:29:53'),
(248, 34, 14, 2, '2012-01-12 16:10:14'),
(249, 34, 15, 2, '2012-01-10 14:30:05'),
(250, 34, 16, 2, '2012-01-06 19:33:54'),
(251, 34, 17, 2, '2012-01-06 20:12:46'),
(252, 34, 18, 2, '2012-01-10 14:30:07'),
(253, 34, 19, 2, '2012-01-05 20:32:44'),
(254, 35, 1, 2, '2012-03-19 19:45:27'),
(255, 35, 2, 2, '2012-03-19 19:45:29'),
(256, 35, 7, 2, '2012-03-19 19:45:32'),
(257, 35, 8, 2, '2012-02-20 17:53:43'),
(258, 35, 10, 2, '2012-04-03 21:02:38'),
(259, 35, 11, 0, NULL),
(260, 35, 12, 2, '2012-03-22 20:38:01'),
(261, 35, 13, 0, NULL),
(262, 35, 14, 0, NULL),
(263, 35, 15, 0, NULL),
(264, 35, 16, 0, NULL),
(265, 35, 17, 0, NULL),
(266, 35, 18, 0, NULL),
(267, 35, 19, 3, '2012-04-02 18:48:20'),
(268, 36, 1, 3, '2012-02-07 15:39:22'),
(269, 36, 2, 2, '2012-02-07 16:57:48'),
(270, 36, 7, 2, '2012-02-07 16:57:54'),
(271, 36, 8, 2, '2012-01-27 16:01:05'),
(272, 36, 10, 0, NULL),
(273, 36, 11, 0, NULL),
(274, 36, 12, 0, '2012-02-07 16:58:08'),
(275, 36, 13, 0, NULL),
(276, 36, 14, 0, NULL),
(277, 36, 15, 0, NULL),
(278, 36, 16, 0, NULL),
(279, 36, 17, 0, NULL),
(280, 36, 18, 0, NULL),
(281, 36, 19, 3, '2012-02-07 16:58:20'),
(282, 1, 20, 0, NULL),
(283, 2, 20, 0, NULL),
(284, 3, 20, 0, NULL),
(285, 10, 20, 0, NULL),
(286, 11, 20, 2, '2012-01-23 22:49:47'),
(287, 12, 20, 2, '2012-01-16 16:05:36'),
(289, 25, 20, 0, NULL),
(290, 27, 20, 0, NULL),
(291, 31, 20, 2, '2012-02-01 16:52:52'),
(292, 32, 20, 0, NULL),
(293, 33, 20, 0, NULL),
(294, 34, 20, 0, NULL),
(295, 35, 20, 2, '2012-03-26 16:26:04'),
(296, 36, 20, 0, NULL),
(297, 37, 1, 3, '2012-01-31 15:30:06'),
(298, 37, 2, 3, '2012-01-31 15:53:51'),
(299, 37, 7, 2, '2012-01-20 16:44:31'),
(300, 37, 8, 2, '2012-01-17 15:03:12'),
(301, 37, 10, 2, '2012-02-03 18:29:28'),
(302, 37, 11, 3, '2012-02-03 17:56:22'),
(303, 37, 12, 2, '2012-02-03 18:29:23'),
(304, 37, 13, 3, '2012-02-03 17:56:25'),
(305, 37, 14, 2, '2012-02-03 18:29:37'),
(306, 37, 15, 3, '2012-02-03 18:29:57'),
(307, 37, 16, 3, '2012-02-03 18:29:47'),
(308, 37, 17, 2, '2012-02-07 15:39:00'),
(309, 37, 18, 3, '2012-02-03 18:29:41'),
(310, 37, 19, 3, '2012-02-03 17:56:32'),
(311, 37, 20, 2, '2012-02-07 15:01:30'),
(327, 39, 1, 3, '2012-02-03 20:48:40'),
(328, 39, 2, 3, '2012-02-03 20:48:47'),
(329, 39, 7, 2, '2012-02-06 18:07:46'),
(330, 39, 8, 2, '2012-01-27 16:29:13'),
(331, 39, 10, 2, '2012-02-17 16:36:15'),
(332, 39, 11, 2, '2012-02-17 16:36:09'),
(333, 39, 12, 3, '2012-02-06 18:07:52'),
(334, 39, 13, 3, '2012-02-06 18:07:54'),
(335, 39, 14, 3, '2012-02-06 18:08:14'),
(336, 39, 15, 3, '2012-02-06 18:08:18'),
(337, 39, 16, 2, '2012-02-17 19:27:51'),
(338, 39, 17, 2, '2012-02-21 15:40:23'),
(339, 39, 18, 2, '2012-02-24 15:43:36'),
(340, 39, 19, 3, '2012-02-06 18:08:08'),
(341, 39, 20, 2, '2012-02-20 20:27:56'),
(342, 1, 21, 0, NULL),
(343, 2, 21, 0, NULL),
(344, 3, 21, 0, NULL),
(345, 10, 21, 0, NULL),
(346, 11, 21, 2, '2012-01-23 16:46:13'),
(347, 12, 21, 2, '2012-01-23 16:46:07'),
(349, 25, 21, 0, NULL),
(350, 27, 21, 0, NULL),
(351, 31, 21, 2, '2012-02-01 20:34:14'),
(352, 32, 21, 0, NULL),
(353, 33, 21, 0, NULL),
(354, 34, 21, 0, NULL),
(355, 35, 21, 2, '2012-04-03 21:02:40'),
(356, 36, 21, 0, NULL),
(357, 37, 21, 2, '2012-02-03 18:29:31'),
(359, 39, 21, 2, '2012-02-17 16:36:17'),
(360, 40, 1, 2, '2012-02-01 22:21:33'),
(361, 40, 2, 2, '2012-03-21 14:13:57'),
(362, 40, 7, 2, '2012-03-21 14:13:58'),
(363, 40, 8, 2, '2012-01-30 16:14:37'),
(364, 40, 10, 0, NULL),
(365, 40, 11, 0, NULL),
(366, 40, 12, 0, NULL),
(367, 40, 13, 0, '2012-02-29 17:43:25'),
(368, 40, 14, 0, NULL),
(369, 40, 15, 0, NULL),
(370, 40, 16, 0, NULL),
(371, 40, 17, 0, NULL),
(372, 40, 18, 0, NULL),
(373, 40, 19, 0, NULL),
(374, 40, 20, 0, NULL),
(375, 40, 21, 0, NULL),
(376, 41, 1, 2, '2012-02-24 15:55:12'),
(377, 41, 2, 2, '2012-02-24 15:55:22'),
(378, 41, 7, 2, '2012-02-24 15:55:27'),
(379, 41, 8, 2, '2012-02-20 17:43:45'),
(380, 41, 10, 2, '2012-03-05 21:58:03'),
(381, 41, 11, 2, '2012-02-29 21:20:06'),
(382, 41, 12, 2, '2012-02-29 21:28:36'),
(383, 41, 13, 3, '2012-02-29 21:28:23'),
(384, 41, 14, 2, '2012-03-05 21:58:09'),
(385, 41, 15, 3, '2012-03-05 21:58:13'),
(386, 41, 16, 2, '2012-03-05 21:58:17'),
(387, 41, 17, 2, '2012-03-05 21:58:21'),
(388, 41, 18, 3, '2012-03-05 16:31:12'),
(389, 41, 19, 2, '2012-02-29 21:31:34'),
(390, 41, 20, 2, '2012-03-05 15:32:00'),
(391, 41, 21, 2, '2012-03-05 21:58:06'),
(392, 42, 1, 2, '2012-03-01 19:13:11'),
(393, 42, 2, 2, '2012-03-01 19:13:17'),
(394, 42, 7, 2, '2012-03-06 14:50:45'),
(395, 42, 8, 2, '2012-02-21 16:13:48'),
(396, 42, 10, 2, '2012-03-13 18:01:05'),
(397, 42, 11, 2, '2012-03-12 22:11:57'),
(398, 42, 12, 2, '2012-03-12 22:20:09'),
(399, 42, 13, 3, '2012-03-13 18:01:12'),
(400, 42, 14, 2, '2012-03-13 19:36:39'),
(401, 42, 15, 3, '2012-03-13 19:36:48'),
(402, 42, 16, 2, '2012-03-13 19:36:42'),
(403, 42, 17, 2, '2012-03-13 19:36:52'),
(404, 42, 18, 2, '2012-03-13 19:36:54'),
(405, 42, 19, 2, '2012-03-13 18:01:18'),
(406, 42, 20, 2, '2012-03-13 18:01:16'),
(407, 42, 21, 2, '2012-03-13 18:01:07'),
(408, 43, 1, 2, '2012-03-06 14:51:06'),
(409, 43, 2, 0, '2012-03-09 16:13:01'),
(410, 43, 7, 0, NULL),
(411, 43, 8, 2, '2012-02-21 17:26:19'),
(412, 43, 10, 0, NULL),
(413, 43, 11, 0, NULL),
(414, 43, 12, 0, NULL),
(415, 43, 13, 0, NULL),
(416, 43, 14, 0, NULL),
(417, 43, 15, 0, NULL),
(418, 43, 16, 0, NULL),
(419, 43, 17, 0, NULL),
(420, 43, 18, 0, NULL),
(421, 43, 19, 0, NULL),
(422, 43, 20, 0, NULL),
(423, 43, 21, 0, NULL),
(424, 44, 1, 2, '2012-03-06 22:17:21'),
(425, 44, 2, 1, '2012-03-06 22:17:23'),
(426, 44, 7, 2, '2012-03-20 13:54:18'),
(427, 44, 8, 2, '2012-02-22 21:19:09'),
(428, 44, 10, 2, '2012-03-20 13:54:00'),
(429, 44, 11, 3, '2012-03-20 15:25:00'),
(430, 44, 12, 2, '2012-03-20 15:25:04'),
(431, 44, 13, 2, '2012-03-20 15:25:06'),
(432, 44, 14, 2, '2012-03-20 16:07:56'),
(433, 44, 15, 2, '2012-03-21 14:16:02'),
(434, 44, 16, 3, '2012-03-20 16:07:59'),
(435, 44, 17, 2, '2012-03-21 14:16:05'),
(436, 44, 18, 2, '2012-03-21 14:16:07'),
(437, 44, 19, 3, '2012-03-19 19:08:21'),
(438, 44, 20, 2, '2012-03-19 19:08:14'),
(439, 44, 21, 2, '2012-03-20 13:54:03'),
(440, 45, 1, 2, '2012-03-01 19:04:47'),
(441, 45, 2, 2, '2012-03-09 19:37:54'),
(442, 45, 7, 2, '2012-03-12 14:50:09'),
(443, 45, 8, 2, '2012-02-22 21:19:13'),
(444, 45, 10, 2, '2012-03-21 15:55:51'),
(445, 45, 11, 2, '2012-03-21 15:23:56'),
(446, 45, 12, 2, '2012-03-21 15:55:47'),
(447, 45, 13, 2, '2012-03-21 15:55:48'),
(448, 45, 14, 2, '2012-03-22 18:45:16'),
(449, 45, 15, 2, '2012-03-22 18:45:18'),
(450, 45, 16, 2, '2012-03-22 18:45:21'),
(451, 45, 17, 2, '2012-03-22 18:45:23'),
(452, 45, 18, 2, '2012-03-22 18:45:24'),
(453, 45, 19, 2, '2012-03-19 19:08:18'),
(454, 45, 20, 2, '2012-03-19 19:08:09'),
(455, 45, 21, 2, '2012-03-21 15:55:53'),
(456, 46, 1, 2, '2012-02-28 22:26:40'),
(457, 46, 2, 2, '2012-02-28 22:26:48'),
(458, 46, 7, 2, '2012-02-29 16:27:21'),
(459, 46, 8, 2, '2012-02-28 17:08:26'),
(460, 46, 10, 2, '2012-03-12 20:38:53'),
(461, 46, 11, 2, '2012-03-05 22:58:16'),
(462, 46, 12, 2, '2012-03-05 22:58:20'),
(463, 46, 13, 3, '2012-03-05 22:58:23'),
(464, 46, 14, 2, '2012-03-12 20:57:08'),
(465, 46, 15, 3, '2012-03-12 20:57:04'),
(466, 46, 16, 2, '2012-03-12 20:57:17'),
(467, 46, 17, 2, '2012-03-12 21:34:45'),
(468, 46, 18, 2, '2012-03-12 20:57:11'),
(469, 46, 19, 2, '2012-03-05 22:58:27'),
(470, 46, 20, 2, '2012-03-05 15:29:28'),
(471, 46, 21, 2, '2012-03-12 20:38:56'),
(496, 47, 1, 2, '2012-03-08 16:49:54'),
(497, 47, 2, 2, '2012-03-08 16:49:57'),
(498, 47, 7, 2, '2012-03-09 20:00:12'),
(499, 47, 8, 2, '2012-03-08 16:49:51'),
(500, 47, 10, 2, '2012-03-26 22:09:56'),
(501, 47, 11, 2, '2012-03-28 21:46:36'),
(502, 47, 12, 2, '2012-03-22 21:30:54'),
(503, 47, 13, 2, '2012-03-27 17:50:16'),
(504, 47, 14, 2, '2012-03-26 22:21:54'),
(505, 47, 15, 2, '2012-04-02 18:48:01'),
(506, 47, 16, 2, '2012-03-28 20:09:20'),
(507, 47, 17, 2, '2012-03-29 11:21:42'),
(508, 47, 18, 2, '2012-03-30 16:52:30'),
(509, 47, 19, 3, '2012-03-26 22:21:44'),
(510, 47, 20, 2, '2012-03-26 16:06:25'),
(511, 47, 21, 3, '2012-03-26 22:21:50'),
(544, 50, 1, 2, '2012-03-09 20:40:43'),
(545, 50, 2, 2, '2012-03-09 20:40:46'),
(546, 50, 7, 2, '2012-03-09 20:40:49'),
(547, 50, 8, 2, '2012-03-09 20:40:40'),
(548, 50, 10, 2, '2012-03-28 16:25:05'),
(549, 50, 11, 2, '2012-03-26 22:30:51'),
(550, 50, 12, 2, '2012-03-26 22:30:53'),
(551, 50, 13, 2, '2012-03-26 22:30:55'),
(552, 50, 14, 2, '2012-03-29 12:10:30'),
(553, 50, 15, 2, '2012-03-28 16:25:11'),
(554, 50, 16, 2, '2012-03-29 12:10:33'),
(555, 50, 17, 2, '2012-03-30 16:52:33'),
(556, 50, 18, 2, '2012-03-30 16:52:34'),
(557, 50, 19, 3, '2012-03-28 16:25:03'),
(558, 50, 20, 2, '2012-03-26 16:11:23'),
(559, 50, 21, 3, '2012-03-28 16:25:07'),
(560, 51, 1, 2, '2012-03-19 19:06:36'),
(561, 51, 2, 2, '2012-03-21 14:13:33'),
(562, 51, 7, 2, '2012-03-21 14:13:36'),
(563, 51, 8, 2, '2012-03-19 19:06:32'),
(564, 51, 10, 2, '2012-03-29 11:15:06'),
(565, 51, 11, 2, '2012-03-22 21:18:34'),
(566, 51, 12, 2, '2012-03-22 21:26:12'),
(567, 51, 13, 2, '2012-03-22 21:18:37'),
(568, 51, 14, 2, '2012-03-29 11:21:19'),
(569, 51, 15, 2, '2012-03-29 11:21:21'),
(570, 51, 16, 2, '2012-03-29 11:21:25'),
(571, 51, 17, 2, '2012-03-30 21:27:01'),
(572, 51, 18, 2, '2012-03-30 21:27:03'),
(573, 51, 19, 3, '2012-03-29 11:15:04'),
(574, 51, 20, 2, '2012-03-26 16:14:45'),
(575, 51, 21, 2, '2012-03-29 11:15:09'),
(576, 52, 1, 2, '2012-03-22 19:02:10'),
(577, 52, 2, 2, '2012-03-27 17:38:47'),
(578, 52, 7, 2, '2012-03-27 17:38:49'),
(579, 52, 8, 2, '2012-03-22 19:02:04'),
(580, 52, 10, 0, NULL),
(581, 52, 11, 0, NULL),
(582, 52, 12, 0, NULL),
(583, 52, 13, 0, NULL),
(584, 52, 14, 0, NULL),
(585, 52, 15, 0, NULL),
(586, 52, 16, 0, NULL),
(587, 52, 17, 0, NULL),
(588, 52, 18, 0, NULL),
(589, 52, 19, 0, NULL),
(590, 52, 20, 0, NULL),
(591, 52, 21, 0, NULL),
(592, 53, 1, 2, '2012-03-26 17:04:30'),
(593, 53, 2, 2, '2012-03-26 17:04:32'),
(594, 53, 7, 2, '2012-03-26 17:04:39'),
(595, 53, 8, 2, '2012-03-22 19:41:03'),
(596, 53, 10, 0, NULL),
(597, 53, 11, 2, '2012-03-30 19:35:11'),
(598, 53, 12, 2, '2012-03-30 19:35:13'),
(599, 53, 13, 2, '2012-03-30 19:35:15'),
(600, 53, 14, 0, NULL),
(601, 53, 15, 0, NULL),
(602, 53, 16, 0, NULL),
(603, 53, 17, 0, NULL),
(604, 53, 18, 0, NULL),
(605, 53, 19, 0, NULL),
(606, 53, 20, 0, NULL),
(607, 53, 21, 0, NULL),
(608, 54, 1, 2, '2012-04-03 17:48:35'),
(609, 54, 2, 2, '2012-04-03 17:48:39'),
(610, 54, 7, 2, '2012-04-03 17:48:42'),
(611, 54, 8, 2, '2012-04-03 17:48:31'),
(612, 54, 10, 0, NULL),
(613, 54, 11, 0, NULL),
(614, 54, 12, 0, NULL),
(615, 54, 13, 3, '2012-03-22 20:38:42'),
(616, 54, 14, 0, NULL),
(617, 54, 15, 3, '2012-03-22 20:38:38'),
(618, 54, 16, 0, NULL),
(619, 54, 17, 0, NULL),
(620, 54, 18, 0, NULL),
(621, 54, 19, 0, NULL),
(622, 54, 20, 0, NULL),
(623, 54, 21, 0, NULL),
(624, 55, 1, 0, NULL),
(625, 55, 2, 0, NULL),
(626, 55, 7, 0, NULL),
(627, 55, 8, 2, '2012-04-03 17:49:12'),
(628, 55, 10, 0, NULL),
(629, 55, 11, 0, NULL),
(630, 55, 12, 0, NULL),
(631, 55, 13, 0, NULL),
(632, 55, 14, 0, NULL),
(633, 55, 15, 0, NULL),
(634, 55, 16, 0, NULL),
(635, 55, 17, 0, NULL),
(636, 55, 18, 0, NULL),
(637, 55, 19, 0, NULL),
(638, 55, 20, 0, NULL),
(639, 55, 21, 0, NULL),
(640, 56, 1, 2, '2012-04-02 19:27:08'),
(641, 56, 2, 2, '2012-04-02 19:27:10'),
(642, 56, 7, 2, '2012-04-02 19:27:12'),
(643, 56, 8, 2, '2012-04-02 19:27:06'),
(644, 56, 10, 0, NULL),
(645, 56, 11, 0, NULL),
(646, 56, 12, 0, NULL),
(647, 56, 13, 0, NULL),
(648, 56, 14, 0, NULL),
(649, 56, 15, 0, NULL),
(650, 56, 16, 0, NULL),
(651, 56, 17, 0, NULL),
(652, 56, 18, 0, NULL),
(653, 56, 19, 0, NULL),
(654, 56, 20, 0, NULL),
(655, 56, 21, 0, NULL),
(656, 57, 1, 2, '2012-03-26 18:46:52'),
(657, 57, 2, 2, '2012-03-26 18:46:55'),
(658, 57, 7, 2, '2012-03-27 17:29:41'),
(659, 57, 8, 2, '2012-03-23 17:02:06'),
(660, 57, 10, 0, NULL),
(661, 57, 11, 0, NULL),
(662, 57, 12, 0, NULL),
(663, 57, 13, 0, NULL),
(664, 57, 14, 0, NULL),
(665, 57, 15, 0, NULL),
(666, 57, 16, 0, NULL),
(667, 57, 17, 0, NULL),
(668, 57, 18, 0, NULL),
(669, 57, 19, 0, NULL),
(670, 57, 20, 0, NULL),
(671, 57, 21, 0, NULL),
(672, 58, 1, 0, NULL),
(673, 58, 2, 0, NULL),
(674, 58, 7, 0, NULL),
(675, 58, 8, 0, NULL),
(676, 58, 10, 0, NULL),
(677, 58, 11, 0, NULL),
(678, 58, 12, 0, NULL),
(679, 58, 13, 0, NULL),
(680, 58, 14, 0, NULL),
(681, 58, 15, 0, NULL),
(682, 58, 16, 0, NULL),
(683, 58, 17, 0, NULL),
(684, 58, 18, 0, NULL),
(685, 58, 19, 0, NULL),
(686, 58, 20, 0, NULL),
(687, 58, 21, 0, NULL),
(688, 59, 1, 0, NULL),
(689, 59, 2, 0, NULL),
(690, 59, 7, 0, NULL),
(691, 59, 8, 0, NULL),
(692, 59, 10, 0, NULL),
(693, 59, 11, 0, NULL),
(694, 59, 12, 0, NULL),
(695, 59, 13, 0, NULL),
(696, 59, 14, 0, NULL),
(697, 59, 15, 0, NULL),
(698, 59, 16, 0, NULL),
(699, 59, 17, 0, NULL),
(700, 59, 18, 0, NULL),
(701, 59, 19, 0, NULL),
(702, 59, 20, 0, NULL),
(703, 59, 21, 0, NULL);

-- --------------------------------------------------------

--
-- Table structure for table `stocks`
--

CREATE TABLE IF NOT EXISTS `stocks` (
  `id` int(10) unsigned NOT NULL AUTO_INCREMENT,
  `ticker` varchar(10) CHARACTER SET utf8 COLLATE utf8_unicode_ci NOT NULL,
  `ask` varchar(10) CHARACTER SET utf8 COLLATE utf8_unicode_ci DEFAULT NULL,
  `bid` varchar(10) CHARACTER SET utf8 COLLATE utf8_unicode_ci DEFAULT NULL,
  `timestamp` datetime DEFAULT NULL,
  PRIMARY KEY (`id`)
) ENGINE=InnoDB  DEFAULT CHARSET=latin1 AUTO_INCREMENT=4 ;

--
-- Dumping data for table `stocks`
--

INSERT INTO `stocks` (`id`, `ticker`, `ask`, `bid`, `timestamp`) VALUES
(1, '172', NULL, NULL, '2012-02-21 22:46:01'),
(2, '172', NULL, NULL, '2012-02-21 23:01:05'),
(3, '57', NULL, NULL, '2012-02-21 23:01:05');

-- --------------------------------------------------------

--
-- Table structure for table `task`
--

CREATE TABLE IF NOT EXISTS `task` (
  `id` int(10) unsigned NOT NULL AUTO_INCREMENT,
  `taskName` varchar(500) CHARACTER SET utf8 COLLATE utf8_unicode_ci NOT NULL,
  `orderNumber` int(10) NOT NULL,
  PRIMARY KEY (`id`)
) ENGINE=InnoDB  DEFAULT CHARSET=latin1 AUTO_INCREMENT=22 ;

--
-- Dumping data for table `task`
--

INSERT INTO `task` (`id`, `taskName`, `orderNumber`) VALUES
(1, 'Setup LogMeIn', 2),
(2, 'Pull Legacy Data', 3),
(7, 'Master Files Sent to Site for Cleanup', 4),
(8, 'Send Introduction Email', 0),
(10, 'Run Migration Procedures', 10),
(11, 'Completed Insurance Master back from Site', 5),
(12, 'Completed Procedure Master back from Site', 6),
(13, 'Completed Referring Master back from Site', 7),
(14, 'Procedures Migrated', 12),
(15, 'Referring Migrated', 13),
(16, 'Insurance Migrated', 14),
(17, 'Patients Migrated', 15),
(18, 'Appointments Migrated', 16),
(19, 'Send Insurance Master to Gateway', 9),
(20, 'Send Starting Migration on Monday Email', 8),
(21, 'Backup Database', 11);

-- --------------------------------------------------------

--
-- Table structure for table `users`
--

CREATE TABLE IF NOT EXISTS `users` (
  `id` int(10) unsigned NOT NULL AUTO_INCREMENT,
  `user` varchar(20) CHARACTER SET utf8 COLLATE utf8_unicode_ci NOT NULL,
  `pass` varchar(100) CHARACTER SET utf8 COLLATE utf8_unicode_ci NOT NULL,
  `firstName` varchar(20) CHARACTER SET utf8 COLLATE utf8_unicode_ci DEFAULT NULL,
  `timestamp` datetime DEFAULT NULL,
  PRIMARY KEY (`id`),
  UNIQUE KEY `user` (`user`)
) ENGINE=InnoDB  DEFAULT CHARSET=latin1 AUTO_INCREMENT=2 ;

--
-- Dumping data for table `users`
--

INSERT INTO `users` (`id`, `user`, `pass`, `firstName`, `timestamp`) VALUES
(1, 'jason', 'b1f4f9a523e36fd969f4573e25af4540', 'Jason', '2003-04-12 21:02:32');

/*!40101 SET CHARACTER_SET_CLIENT=@OLD_CHARACTER_SET_CLIENT */;
/*!40101 SET CHARACTER_SET_RESULTS=@OLD_CHARACTER_SET_RESULTS */;
/*!40101 SET COLLATION_CONNECTION=@OLD_COLLATION_CONNECTION */;
